,customer_id,age,region
0,CUS-2895,24,South
1,CUS-3321,17,South
2,CUS-2587,73,East
3,CUS-6171,49,South
4,CUS-2067,17,South
5,CUS-7046,61,North
6,CUS-8432,75,South
7,CUS-1921,69,South
8,CUS-9440,40,East
9,CUS-7255,41,North
10,CUS-8142,33,West
11,CUS-1208,47,East
12,CUS-3259,60,South
13,CUS-8339,20,West
14,CUS-4921,27,East
15,CUS-2644,75,East
16,CUS-3316,45,West
17,CUS-5516,68,West
18,CUS-7201,24,North
19,CUS-8526,20,East
20,CUS-9786,39,South
21,CUS-5426,,North
22,CUS-9301,72,North
23,CUS-4651,74,East
24,CUS-1647,18,North
25,CUS-6412,63,East
26,CUS-1187,69,South
27,CUS-8513,35,South
28,CUS-5473,28,South
29,CUS-4071,-7,East
30,CUS-2460,69,East
31,CUS-8011,20,East
32,CUS-4745,39,North
33,CUS-9844,41,South
34,CUS-3318,54,East
35,CUS-9668,19,North
36,CUS-2161,22,South
37,CUS-8322,29,North
38,CUS-2429,62,South
39,CUS-1988,61,North
40,CUS-4149,20,West
41,CUS-3282,40,South
42,CUS-6736,53,North
43,CUS-2481,75,West
44,CUS-3865,20,West
45,CUS-7909,48,East
46,CUS-5419,52,West
47,CUS-1642,48,North
48,CUS-9884,20,West
49,CUS-1574,37,East
50,CUS-9847,74,West
51,CUS-9081,50,East
52,CUS-4380,38,South
53,CUS-8493,41,West
54,CUS-7230,20,South
55,CUS-3668,59,North
56,CUS-9481,35,North
57,CUS-6549,38,South
58,CUS-7027,24,South
59,CUS-6850,31,South
60,CUS-7581,66,South
61,CUS-6595,45,North
62,CUS-3800,57,West
63,CUS-3779,73,North
64,CUS-8131,37,East
65,CUS-2561,65,West
66,CUS-4907,34,South
67,CUS-5869,23,East
68,CUS-1066,23,North
69,CUS-3332,55,North
70,CUS-1445,51,East
71,CUS-2831,26,South
72,CUS-1175,59,South
73,CUS-3052,40,North
74,CUS-8727,35,South
75,CUS-4889,54,North
76,CUS-7578,26,North
77,CUS-1702,41,North
78,CUS-4370,55,North
79,CUS-9201,26,West
80,CUS-1410,67,North
81,CUS-9627,32,West
82,CUS-4210,61,South
83,CUS-7373,52,North
84,CUS-4518,70,West
85,CUS-5007,71,West
86,CUS-1370,38,East
87,CUS-9068,61,North
88,CUS-5497,66,South
89,CUS-5124,3,South
90,CUS-5222,46,North
91,CUS-4618,36,South
92,CUS-2675,34,South
93,CUS-3134,19,West
94,CUS-9343,29,East
95,CUS-1242,37,West
96,CUS-9235,35,West
97,CUS-1658,52,North
98,CUS-7385,58,West
99,CUS-3299,25,South
100,CUS-9655,73,West
101,CUS-4493,58,East
102,CUS-2631,28,South
103,CUS-8675,17,West
104,CUS-1219,61,East
105,CUS-4158,18,East
106,CUS-3700,37,East
107,CUS-5924,32,North
108,CUS-1711,60,West
109,CUS-7993,73,East
110,CUS-3296,71,North
111,CUS-7853,56,South
112,CUS-4291,19,East
113,CUS-6704,17,North
114,CUS-3626,44,North
115,CUS-8443,67,East
116,CUS-6801,55,West
117,CUS-9727,42,East
118,CUS-9363,71,East
119,CUS-9913,40,East
120,CUS-2907,35,West
121,CUS-2691,48,South
122,CUS-3262,40,East
123,CUS-2752,26,South
124,CUS-4290,39,East
125,CUS-1781,47,West
126,CUS-2842,44,North
127,CUS-9656,66,South
128,CUS-2840,39,West
129,CUS-6229,20,East
130,CUS-7831,46,South
131,CUS-6224,39,North
132,CUS-6187,71,North
133,CUS-3813,37,North
134,CUS-5987,57,East
135,CUS-8789,62,West
136,CUS-5898,68,East
137,CUS-9778,46,South
138,CUS-3991,63,South
139,CUS-8742,54,West
140,CUS-9111,35,West
141,CUS-6457,62,South
142,CUS-4796,48,East
143,CUS-1757,41,North
144,CUS-2115,38,West
145,CUS-8334,21,West
146,CUS-4495,59,West
147,CUS-4893,36,South
148,CUS-5069,69,South
149,CUS-2094,43,North
150,CUS-4642,48,North
151,CUS-1250,58,East
152,CUS-8279,28,North
153,CUS-9303,72,North
154,CUS-8295,22,South
155,CUS-3356,33,North
156,CUS-3960,40,South
157,CUS-7218,55,North
158,CUS-8064,26,North
159,CUS-4600,69,West
160,CUS-7924,64,West
161,CUS-4279,54,West
162,CUS-3375,37,South
163,CUS-7482,62,South
164,CUS-5531,42,East
165,CUS-7454,,East
166,CUS-4534,35,South
167,CUS-3112,28,East
168,CUS-7141,47,North
169,CUS-4474,29,North
170,CUS-9661,48,South
171,CUS-8714,23,South
172,CUS-7566,49,South
173,CUS-6823,62,North
174,CUS-8529,31,West
175,CUS-3854,27,North
176,CUS-1863,69,West
177,CUS-8292,60,East
178,CUS-5173,70,East
179,CUS-1016,39,East
180,CUS-3176,50,West
181,CUS-2262,25,South
182,CUS-7726,17,West
183,CUS-4884,23,West
184,CUS-4860,48,North
185,CUS-7381,69,South
186,CUS-9271,44,West
187,CUS-8774,38,South
188,CUS-3254,54,South
189,CUS-8734,25,South
190,CUS-1159,33,South
191,CUS-5781,64,West
192,CUS-5299,,North
193,CUS-8997,25,North
194,CUS-6585,35,East
195,CUS-7940,26,West
196,CUS-5031,31,East
197,CUS-4407,57,West
198,CUS-3658,40,South
199,CUS-6334,30,North
200,CUS-2458,33,West
201,CUS-9864,64,West
202,CUS-9567,66,West
203,CUS-1021,28,South
204,CUS-3968,70,East
205,CUS-1330,26,East
206,CUS-3551,26,North
207,CUS-6158,64,East
208,CUS-4641,37,East
209,CUS-2961,57,West
210,CUS-6560,23,West
211,CUS-8038,48,West
212,CUS-3820,22,North
213,CUS-2590,24,South
214,CUS-1604,59,East
215,CUS-7445,31,East
216,CUS-1535,66,North
217,CUS-3470,46,North
218,CUS-5018,-9,West
219,CUS-7108,73,West
220,CUS-9631,42,East
221,CUS-9577,56,North
222,CUS-7575,17,East
223,CUS-6016,18,North
224,CUS-2741,62,North
225,CUS-5415,-9,North
226,CUS-4031,18,North
227,CUS-2568,32,East
228,CUS-9024,60,South
229,CUS-4040,24,South
230,CUS-4912,72,South
231,CUS-3919,49,South
232,CUS-6919,31,North
233,CUS-5598,22,South
234,CUS-4032,44,South
235,CUS-9916,55,North
236,CUS-9519,53,West
237,CUS-7069,46,South
238,CUS-1160,59,North
239,CUS-8351,68,East
240,CUS-4784,51,East
241,CUS-6429,58,South
242,CUS-7092,55,West
243,CUS-4630,32,East
244,CUS-4112,19,East
245,CUS-2189,75,North
246,CUS-5978,47,North
247,CUS-3576,74,West
248,CUS-6946,60,West
249,CUS-3479,48,South
250,CUS-8428,25,West
251,CUS-9261,56,East
252,CUS-3363,63,North
253,CUS-2084,55,East
254,CUS-6964,32,East
255,CUS-8648,45,West
256,CUS-2184,69,North
257,CUS-3084,58,South
258,CUS-5377,28,South
259,CUS-5815,1,South
260,CUS-1837,43,West
261,CUS-1190,62,East
262,CUS-7462,67,East
263,CUS-2605,27,West
264,CUS-1488,35,North
265,CUS-7792,20,North
266,CUS-1417,50,South
267,CUS-7152,65,East
268,CUS-6034,27,West
269,CUS-6723,58,North
270,CUS-9209,44,West
271,CUS-9305,63,South
272,CUS-5523,58,West
273,CUS-1890,37,South
274,CUS-9846,74,West
275,CUS-5485,49,East
276,CUS-4975,42,South
277,CUS-8783,45,West
278,CUS-2542,54,East
279,CUS-4184,44,East
280,CUS-4919,55,North
281,CUS-9855,44,North
282,CUS-5409,68,South
283,CUS-8205,71,South
284,CUS-2354,-3,South
285,CUS-3516,33,North
286,CUS-9324,67,North
287,CUS-1962,55,West
288,CUS-5622,72,West
289,CUS-4525,45,West
290,CUS-9794,34,South
291,CUS-8623,22,North
292,CUS-2858,65,West
293,CUS-6761,57,East
294,CUS-8448,22,West
295,CUS-7890,67,North
296,CUS-4161,31,North
297,CUS-8422,73,East
298,CUS-4396,71,North
299,CUS-8608,18,North
300,CUS-9382,57,East
301,CUS-9104,26,South
302,CUS-6479,40,West
303,CUS-2901,57,West
304,CUS-6627,34,East
305,CUS-2234,46,West
306,CUS-6027,20,West
307,CUS-7267,71,West
308,CUS-3517,41,West
309,CUS-7764,55,North
310,CUS-1307,53,South
311,CUS-5589,50,South
312,CUS-3591,39,North
313,CUS-9921,63,North
314,CUS-1318,69,West
315,CUS-8193,17,South
316,CUS-6768,59,North
317,CUS-2970,69,West
318,CUS-3623,61,West
319,CUS-9057,50,West
320,CUS-6039,64,North
321,CUS-7418,49,East
322,CUS-6502,32,South
323,CUS-1254,72,East
324,CUS-4914,45,East
325,CUS-3736,72,East
326,CUS-2811,63,North
327,CUS-1352,21,South
328,CUS-6517,50,East
329,CUS-9059,18,South
330,CUS-5052,34,North
331,CUS-6013,66,West
332,CUS-9471,36,South
333,CUS-5201,71,East
334,CUS-7440,72,South
335,CUS-8816,71,South
336,CUS-1823,65,South
337,CUS-1948,67,West
338,CUS-1399,55,West
339,CUS-7074,27,West
340,CUS-6789,71,West
341,CUS-2388,29,South
342,CUS-3155,62,West
343,CUS-8522,52,West
344,CUS-5556,68,North
345,CUS-4135,50,East
346,CUS-6773,19,South
347,CUS-3681,38,East
348,CUS-2302,34,North
349,CUS-3531,74,North
350,CUS-7135,20,West
351,CUS-4028,23,West
352,CUS-3164,66,East
353,CUS-5503,39,North
354,CUS-9590,60,East
355,CUS-8591,56,East
356,CUS-4670,31,South
357,CUS-1596,62,West
358,CUS-3835,44,East
359,CUS-6313,52,East
360,CUS-2805,,South
361,CUS-1098,32,North
362,CUS-7101,58,East
363,CUS-8913,18,South
364,CUS-5999,29,West
365,CUS-2627,54,West
366,CUS-7253,59,South
367,CUS-9932,29,East
368,CUS-5236,38,West
369,CUS-9799,37,East
370,CUS-1308,59,West
371,CUS-4871,74,North
372,CUS-3666,72,South
373,CUS-6598,62,North
374,CUS-8951,37,East
375,CUS-5430,20,North
376,CUS-6934,42,West
377,CUS-7490,59,West
378,CUS-7810,34,West
379,CUS-7543,30,West
380,CUS-3422,39,East
381,CUS-1955,34,South
382,CUS-8474,26,West
383,CUS-1707,21,East
384,CUS-3513,53,North
385,CUS-5561,40,North
386,CUS-3942,19,North
387,CUS-8940,54,North
388,CUS-4521,61,East
389,CUS-3721,51,North
390,CUS-5389,68,West
391,CUS-1231,39,North
392,CUS-8539,56,East
393,CUS-8223,58,South
394,CUS-3331,69,West
395,CUS-6886,67,West
396,CUS-5686,19,East
397,CUS-2621,59,South
398,CUS-5077,69,East
399,CUS-5908,42,West
400,CUS-7591,64,West
401,CUS-7425,70,East
402,CUS-4592,42,South
403,CUS-8584,37,South
404,CUS-2848,29,East
405,CUS-1826,46,East
406,CUS-1549,63,East
407,CUS-1591,65,North
408,CUS-6017,54,North
409,CUS-8298,56,West
410,CUS-3455,69,West
411,CUS-4639,73,West
412,CUS-9664,25,East
413,CUS-1801,73,South
414,CUS-3836,67,East
415,CUS-2186,18,West
416,CUS-5199,41,East
417,CUS-2625,67,North
418,CUS-9399,49,South
419,CUS-1640,47,West
420,CUS-6932,64,East
421,CUS-5811,41,West
422,CUS-3878,47,West
423,CUS-3463,48,East
424,CUS-2278,53,East
425,CUS-9199,36,South
426,CUS-4204,29,East
427,CUS-1694,40,South
428,CUS-9859,40,South
429,CUS-7205,22,North
430,CUS-4806,42,South
431,CUS-4854,51,North
432,CUS-2347,74,East
433,CUS-7442,19,East
434,CUS-2888,44,South
435,CUS-3767,64,West
436,CUS-7094,70,South
437,CUS-7257,54,East
438,CUS-8098,67,West
439,CUS-5650,54,West
440,CUS-5472,25,West
441,CUS-8670,65,South
442,CUS-8708,61,South
443,CUS-4138,40,North
444,CUS-2742,48,East
445,CUS-9726,36,South
446,CUS-1775,50,South
447,CUS-2106,65,West
448,CUS-4275,56,North
449,CUS-3764,32,North
450,CUS-1163,64,West
451,CUS-7653,71,South
452,CUS-4059,32,East
453,CUS-9920,36,West
454,CUS-4108,44,West
455,CUS-1976,45,South
456,CUS-1199,71,South
457,CUS-4672,59,South
458,CUS-9403,73,East
459,CUS-3108,24,North
460,CUS-4462,59,West
461,CUS-9352,41,North
462,CUS-3648,46,South
463,CUS-8291,29,South
464,CUS-9849,30,West
465,CUS-6914,35,East
466,CUS-6427,72,West
467,CUS-6216,58,South
468,CUS-9791,27,East
469,CUS-9779,19,East
470,CUS-3384,64,North
471,CUS-8441,44,North
472,CUS-6663,70,South
473,CUS-8202,27,North
474,CUS-2533,73,East
475,CUS-8830,41,North
476,CUS-2859,69,West
477,CUS-8019,29,North
478,CUS-7019,65,West
479,CUS-7336,32,West
480,CUS-5842,41,West
481,CUS-7323,67,North
482,CUS-6264,35,West
483,CUS-1561,36,North
484,CUS-6590,17,West
485,CUS-2516,72,East
486,CUS-1898,28,West
487,CUS-2906,36,South
488,CUS-8740,32,East
489,CUS-3662,58,East
490,CUS-1120,23,North
491,CUS-4981,70,East
492,CUS-3490,71,West
493,CUS-9995,46,South
494,CUS-7813,32,East
495,CUS-7867,73,South
496,CUS-4556,30,South
497,CUS-3397,47,North
498,CUS-9080,27,North
499,CUS-1112,40,East
500,CUS-3796,68,West
501,CUS-1829,52,East
502,CUS-1937,49,West
503,CUS-8873,57,North
504,CUS-6226,59,East
505,CUS-1088,-8,North
506,CUS-2113,61,South
507,CUS-9328,72,West
508,CUS-5376,27,West
509,CUS-1554,64,North
510,CUS-2728,22,North
511,CUS-1118,38,West
512,CUS-3599,25,North
513,CUS-1079,36,East
514,CUS-8807,53,East
515,CUS-3139,55,West
516,CUS-1278,69,West
517,CUS-4252,73,West
518,CUS-2871,68,East
519,CUS-2904,52,South
520,CUS-3359,52,South
521,CUS-4018,50,North
522,CUS-4099,52,West
523,CUS-6872,17,East
524,CUS-1844,58,East
525,CUS-7697,32,South
526,CUS-6451,44,East
527,CUS-5920,68,West
528,CUS-4662,58,South
529,CUS-9968,24,South
530,CUS-2263,47,West
531,CUS-7767,53,North
532,CUS-5882,50,West
533,CUS-7438,56,West
534,CUS-1983,47,West
535,CUS-4471,44,West
536,CUS-6984,40,North
537,CUS-5163,74,North
538,CUS-3330,70,West
539,CUS-1919,46,North
540,CUS-8060,19,North
541,CUS-9550,25,North
542,CUS-2002,38,North
543,CUS-1162,74,North
544,CUS-5471,68,West
545,CUS-3399,65,North
546,CUS-7943,64,West
547,CUS-2073,72,North
548,CUS-6581,63,South
549,CUS-3232,62,West
550,CUS-6551,18,East
551,CUS-5572,36,South
552,CUS-1216,74,West
553,CUS-2068,70,South
554,CUS-6083,34,North
555,CUS-1481,52,West
556,CUS-8405,33,East
557,CUS-6213,26,West
558,CUS-4875,18,West
559,CUS-3603,51,South
560,CUS-6924,69,South
561,CUS-1696,36,South
562,CUS-7651,50,North
563,CUS-1046,72,East
564,CUS-8542,22,North
565,CUS-1926,43,East
566,CUS-9879,72,East
567,CUS-2425,44,South
568,CUS-2312,65,East
569,CUS-3035,75,East
570,CUS-8022,51,West
571,CUS-6109,26,West
572,CUS-7608,2,East
573,CUS-4834,64,South
574,CUS-7107,29,South
575,CUS-8626,52,West
576,CUS-6467,20,East
577,CUS-7637,63,South
578,CUS-9227,63,South
579,CUS-7636,42,West
580,CUS-5098,59,East
581,CUS-8904,18,West
582,CUS-4432,18,East
583,CUS-1054,35,West
584,CUS-8958,62,East
585,CUS-1114,36,West
586,CUS-7661,39,South
587,CUS-5203,47,North
588,CUS-7817,60,West
589,CUS-3414,,West
590,CUS-7682,-1,North
591,CUS-9747,47,North
592,CUS-7420,36,East
593,CUS-3976,18,West
594,CUS-2112,19,South
595,CUS-4523,33,East
596,CUS-4815,67,North
597,CUS-6582,25,South
598,CUS-2948,23,North
599,CUS-9821,43,West
600,CUS-7380,55,East
601,CUS-9904,68,East
602,CUS-5591,63,South
603,CUS-3218,38,North
604,CUS-9951,29,West
605,CUS-4151,69,West
606,CUS-2353,35,South
607,CUS-1878,71,West
608,CUS-7712,3,West
609,CUS-1407,22,West
610,CUS-2180,40,South
611,CUS-5488,64,South
612,CUS-2010,71,East
613,CUS-3664,18,East
614,CUS-7878,45,West
615,CUS-2796,30,East
616,CUS-8733,55,East
617,CUS-5066,29,South
618,CUS-3810,,West
619,CUS-5990,64,East
620,CUS-9137,50,South
621,CUS-5220,31,South
622,CUS-2036,52,East
623,CUS-6200,46,East
624,CUS-2983,48,East
625,CUS-1693,49,West
626,CUS-5434,58,North
627,CUS-1398,75,East
628,CUS-7948,19,North
629,CUS-8124,40,North
630,CUS-8023,44,West
631,CUS-2943,27,South
632,CUS-2756,64,East
633,CUS-6908,49,North
634,CUS-1332,62,West
635,CUS-1353,31,East
636,CUS-1539,27,North
637,CUS-4167,26,South
638,CUS-6617,35,West
639,CUS-3689,59,North
640,CUS-5994,62,North
641,CUS-1282,19,West
642,CUS-8359,68,South
643,CUS-8715,58,North
644,CUS-1224,74,South
645,CUS-2944,55,North
646,CUS-8041,-8,West
647,CUS-7031,45,East
648,CUS-7469,67,North
649,CUS-3281,60,West
650,CUS-8683,60,South
651,CUS-5272,33,East
652,CUS-1667,50,North
653,CUS-1048,69,East
654,CUS-5350,50,South
655,CUS-7959,57,South
656,CUS-4064,30,East
657,CUS-1572,18,South
658,CUS-5082,64,North
659,CUS-2007,31,North
660,CUS-3785,67,East
661,CUS-9667,57,South
662,CUS-9387,30,South
663,CUS-6391,28,East
664,CUS-1397,21,North
665,CUS-9274,49,West
666,CUS-2940,25,West
667,CUS-9892,39,South
668,CUS-3930,42,West
669,CUS-9997,50,South
670,CUS-6907,35,East
671,CUS-8358,59,East
672,CUS-7400,18,South
673,CUS-8784,55,North
674,CUS-4962,37,East
675,CUS-6744,19,East
676,CUS-5315,25,East
677,CUS-5096,61,West
678,CUS-1537,65,South
679,CUS-9917,26,South
680,CUS-7411,35,East
681,CUS-1404,27,West
682,CUS-8365,62,North
683,CUS-4692,35,East
684,CUS-2695,27,North
685,CUS-5137,19,West
686,CUS-5271,20,East
687,CUS-8004,74,West
688,CUS-3746,65,South
689,CUS-8270,58,South
690,CUS-8299,19,North
691,CUS-2222,36,East
692,CUS-7341,50,West
693,CUS-4700,1,South
694,CUS-9588,53,North
695,CUS-8056,26,North
696,CUS-8512,-2,South
697,CUS-2759,59,North
698,CUS-7647,24,East
699,CUS-6749,50,North
700,CUS-4755,75,West
701,CUS-7032,72,North
702,CUS-2219,60,South
703,CUS-5128,55,East
704,CUS-9021,28,North
705,CUS-3503,43,West
706,CUS-1894,55,West
707,CUS-1586,70,North
708,CUS-9356,36,West
709,CUS-5795,18,North
710,CUS-5962,63,North
711,CUS-6403,48,North
712,CUS-7848,19,West
713,CUS-6483,70,East
714,CUS-7076,75,North
715,CUS-9730,40,West
716,CUS-1966,29,West
717,CUS-7212,65,West
718,CUS-1677,45,East
719,CUS-2800,67,East
720,CUS-4155,43,East
721,CUS-5760,67,South
722,CUS-8058,41,West
723,CUS-8074,26,South
724,CUS-3295,40,South
725,CUS-1393,29,South
726,CUS-6382,37,North
727,CUS-7001,33,North
728,CUS-7374,25,East
729,CUS-9106,57,North
730,CUS-8314,65,East
731,CUS-3584,51,South
732,CUS-1317,52,South
733,CUS-5134,33,North
734,CUS-2226,65,East
735,CUS-7721,1,East
736,CUS-4459,21,North
737,CUS-8613,40,South
738,CUS-2322,20,North
739,CUS-6056,57,East
740,CUS-7774,56,East
741,CUS-7805,48,North
742,CUS-1401,62,West
743,CUS-6537,21,East
744,CUS-7542,73,West
745,CUS-8716,51,South
746,CUS-9603,24,North
747,CUS-3312,34,North
748,CUS-8411,26,North
749,CUS-9899,53,North
750,CUS-1328,23,North
751,CUS-4731,1,South
752,CUS-2375,36,North
753,CUS-6909,20,East
754,CUS-2089,57,North
755,CUS-7678,73,South
756,CUS-7740,40,East
757,CUS-7737,32,West
758,CUS-1198,45,North
759,CUS-4042,73,South
760,CUS-7368,61,South
761,CUS-2615,55,North
762,CUS-4653,60,East
763,CUS-9107,71,East
764,CUS-9822,35,East
765,CUS-7895,60,North
766,CUS-8738,68,North
767,CUS-7565,53,East
768,CUS-7996,58,East
769,CUS-2457,43,North
770,CUS-4079,72,South
771,CUS-9724,51,West
772,CUS-5889,23,South
773,CUS-5294,37,West
774,CUS-8252,34,East
775,CUS-3197,24,West
776,CUS-3562,49,East
777,CUS-6792,37,West
778,CUS-3404,20,West
779,CUS-2096,37,South
780,CUS-5891,31,East
781,CUS-4424,68,East
782,CUS-4021,68,North
783,CUS-3602,57,West
784,CUS-7409,42,West
785,CUS-9832,38,East
786,CUS-3349,60,North
787,CUS-2723,33,South
788,CUS-7005,54,East
789,CUS-8845,23,West
790,CUS-1093,55,West
791,CUS-5570,70,South
792,CUS-8341,43,West
793,CUS-1990,73,West
794,CUS-1565,70,South
795,CUS-1496,27,East
796,CUS-4240,36,West
797,CUS-8042,-8,North
798,CUS-4017,67,North
799,CUS-1682,28,East
800,CUS-1364,54,East
801,CUS-4131,39,North
802,CUS-7926,73,East
803,CUS-2004,73,North
804,CUS-5985,48,West
805,CUS-4880,31,North
806,CUS-5398,67,East
807,CUS-1081,26,South
808,CUS-7188,61,North
809,CUS-4456,69,South
810,CUS-8257,39,South
811,CUS-2402,20,East
812,CUS-8093,52,North
813,CUS-6343,31,North
814,CUS-9380,52,South
815,CUS-6117,42,West
816,CUS-3159,55,North
817,CUS-8775,22,West
818,CUS-7592,62,North
819,CUS-9733,40,North
820,CUS-9651,-10,South
821,CUS-4676,75,North
822,CUS-2325,-8,West
823,CUS-2572,67,East
824,CUS-7500,54,West
825,CUS-2867,44,East
826,CUS-4198,55,East
827,CUS-6812,45,East
828,CUS-1906,73,North
829,CUS-7891,24,West
830,CUS-8531,68,East
831,CUS-5728,20,East
832,CUS-2195,70,South
833,CUS-8495,34,West
834,CUS-8853,56,North
835,CUS-8874,66,South
836,CUS-1648,31,North
837,CUS-3061,38,South
838,CUS-2341,38,East
839,CUS-1792,44,South
840,CUS-7684,54,South
841,CUS-9969,46,East
842,CUS-2670,-8,East
843,CUS-2145,69,West
844,CUS-2153,23,South
845,CUS-9862,42,South
846,CUS-1618,24,East
847,CUS-2648,60,West
848,CUS-2705,74,North
849,CUS-3065,25,South
850,CUS-7321,69,East
851,CUS-7106,63,West
852,CUS-3055,27,North
853,CUS-2963,56,North
854,CUS-7557,44,North
855,CUS-1418,42,South
856,CUS-8128,62,South
857,CUS-9977,43,West
858,CUS-7137,64,South
859,CUS-4100,3,East
860,CUS-6002,43,East
861,CUS-6759,72,South
862,CUS-7692,19,North
863,CUS-8572,58,North
864,CUS-8530,49,West
865,CUS-3148,55,West
866,CUS-6661,59,East
867,CUS-1527,31,West
868,CUS-9029,23,South
869,CUS-8939,65,West
870,CUS-8078,0,South
871,CUS-7873,65,East
872,CUS-6218,42,East
873,CUS-5234,53,South
874,CUS-9863,70,East
875,CUS-9973,45,East
876,CUS-7532,41,South
877,CUS-7280,18,East
878,CUS-7195,68,West
879,CUS-6442,62,South
880,CUS-8575,56,South
881,CUS-2396,27,South
882,CUS-3752,57,South
883,CUS-8182,63,North
884,CUS-3221,18,South
885,CUS-2385,69,South
886,CUS-3806,52,North
887,CUS-9475,-2,West
888,CUS-2663,66,South
889,CUS-2450,40,South
890,CUS-4265,48,West
891,CUS-7263,20,North
892,CUS-8181,21,North
893,CUS-6157,57,North
894,CUS-6835,49,East
895,CUS-3101,38,South
896,CUS-9801,47,South
897,CUS-8003,,East
898,CUS-7690,40,South
899,CUS-1776,58,West
900,CUS-2472,70,North
901,CUS-2775,61,West
902,CUS-9868,54,East
903,CUS-3153,49,West
904,CUS-4570,42,North
905,CUS-7550,24,North
906,CUS-2163,29,West
907,CUS-5520,28,South
908,CUS-4959,20,East
909,CUS-1851,49,South
910,CUS-9294,55,North
911,CUS-7984,29,North
912,CUS-3260,29,South
913,CUS-1042,45,South
914,CUS-3339,33,East
915,CUS-7720,42,South
916,CUS-4976,66,South
917,CUS-3647,26,East
918,CUS-4737,19,North
919,CUS-1126,,North
920,CUS-9255,69,East
921,CUS-3842,30,North
922,CUS-6405,25,South
923,CUS-7494,27,South
924,CUS-1022,38,South
925,CUS-7612,71,North
926,CUS-4420,46,South
927,CUS-8627,35,North
928,CUS-9575,51,North
929,CUS-1149,61,South
930,CUS-5188,37,East
931,CUS-4673,18,West
932,CUS-2988,31,South
933,CUS-4504,22,North
934,CUS-8866,73,East
935,CUS-7492,63,South
936,CUS-6591,52,East
937,CUS-9150,44,North
938,CUS-3462,17,West
939,CUS-2601,61,East
940,CUS-5526,56,North
941,CUS-9802,32,North
942,CUS-8718,72,East
943,CUS-2957,73,South
944,CUS-4571,42,North
945,CUS-6227,73,East
946,CUS-7939,35,South
947,CUS-1965,46,East
948,CUS-1795,22,West
949,CUS-8823,28,West
950,CUS-5970,65,West
951,CUS-3607,27,South
952,CUS-8114,27,North
953,CUS-8543,63,East
954,CUS-9883,32,North
955,CUS-2037,62,East
956,CUS-8665,58,East
957,CUS-8461,27,South
958,CUS-1950,66,North
959,CUS-9628,22,West
960,CUS-3088,60,East
961,CUS-2635,49,South
962,CUS-1519,59,East
963,CUS-1678,67,South
964,CUS-6636,69,West
965,CUS-9518,59,South
966,CUS-6438,59,West
967,CUS-8972,65,East
968,CUS-7695,58,South
969,CUS-2311,59,South
970,CUS-5865,25,East
971,CUS-4036,35,North
972,CUS-6338,-1,East
973,CUS-6031,,West
974,CUS-7119,46,East
975,CUS-1770,51,East
976,CUS-5858,70,South
977,CUS-8769,71,West
978,CUS-1954,32,West
979,CUS-1855,42,East
980,CUS-9610,-7,South
981,CUS-2172,51,South
982,CUS-6089,47,South
983,CUS-8132,63,West
984,CUS-9126,34,South
985,CUS-4466,29,North
986,CUS-5530,46,South
987,CUS-6845,24,East
988,CUS-1697,38,South
989,CUS-3970,24,North
990,CUS-7795,29,West
991,CUS-8690,63,East
992,CUS-2055,74,East
993,CUS-5317,53,South
994,CUS-9179,27,East
995,CUS-3438,59,East
996,CUS-9961,38,North
997,CUS-1495,40,South
998,CUS-4200,20,East
999,CUS-9287,45,North
1000,CUS-4349,43,West
1001,CUS-9769,71,West
1002,CUS-4496,56,East
1003,CUS-6867,30,South
1004,CUS-7864,72,West
1005,CUS-1738,50,South
1006,CUS-2818,73,East
1007,CUS-8592,75,North
1008,CUS-1456,69,West
1009,CUS-2246,19,West
1010,CUS-3304,27,East
1011,CUS-3619,22,South
1012,CUS-4513,29,South
1013,CUS-5242,73,North
1014,CUS-4859,31,South
1015,CUS-1365,27,South
1016,CUS-8462,45,South
1017,CUS-4606,37,North
1018,CUS-9907,34,West
1019,CUS-8377,41,East
1020,CUS-4693,52,West
1021,CUS-8297,24,West
1022,CUS-9741,37,West
1023,CUS-4735,24,East
1024,CUS-2058,0,South
1025,CUS-9641,18,South
1026,CUS-8266,40,North
1027,CUS-4872,33,West
1028,CUS-3150,42,West
1029,CUS-2416,45,South
1030,CUS-9885,45,West
1031,CUS-2989,31,West
1032,CUS-2132,53,West
1033,CUS-3013,24,West
1034,CUS-9983,59,North
1035,CUS-3068,50,West
1036,CUS-5365,33,West
1037,CUS-4065,45,West
1038,CUS-1503,28,North
1039,CUS-8836,56,West
1040,CUS-6854,19,North
1041,CUS-9418,17,South
1042,CUS-8395,44,West
1043,CUS-4431,54,West
1044,CUS-7934,,East
1045,CUS-7225,64,East
1046,CUS-6564,35,South
1047,CUS-8833,1,North
1048,CUS-1217,67,East
1049,CUS-4657,74,East
1050,CUS-6396,54,East
1051,CUS-4270,44,South
1052,CUS-8527,53,West
1053,CUS-8129,58,North
1054,CUS-3293,64,East
1055,CUS-5584,17,South
1056,CUS-4602,35,North
1057,CUS-3613,75,East
1058,CUS-9870,51,North
1059,CUS-7556,37,West
1060,CUS-4519,56,South
1061,CUS-2973,43,South
1062,CUS-7819,70,South
1063,CUS-9576,31,West
1064,CUS-4729,57,East
1065,CUS-5249,58,South
1066,CUS-9615,-5,South
1067,CUS-4473,44,South
1068,CUS-2548,24,East
1069,CUS-8186,66,North
1070,CUS-7562,46,West
1071,CUS-4219,39,West
1072,CUS-1477,58,South
1073,CUS-8894,59,South
1074,CUS-7837,45,East
1075,CUS-7128,20,North
1076,CUS-2120,66,North
1077,CUS-2824,17,West
1078,CUS-1483,53,North
1079,CUS-6323,51,South
1080,CUS-6632,21,South
1081,CUS-4939,61,East
1082,CUS-4221,55,West
1083,CUS-8502,44,East
1084,CUS-3073,53,South
1085,CUS-2123,25,North
1086,CUS-7676,62,West
1087,CUS-6217,64,West
1088,CUS-9300,73,East
1089,CUS-5448,39,North
1090,CUS-2506,69,East
1091,CUS-7015,49,East
1092,CUS-7851,41,North
1093,CUS-6680,33,West
1094,CUS-7641,43,West
1095,CUS-8133,43,North
1096,CUS-4464,62,West
1097,CUS-7606,54,North
1098,CUS-4809,63,North
1099,CUS-2275,31,South
1100,CUS-3594,48,West
1101,CUS-9152,50,West
1102,CUS-1357,26,South
1103,CUS-9238,31,North
1104,CUS-9123,32,South
1105,CUS-6528,32,North
1106,CUS-1559,48,East
1107,CUS-4142,47,East
1108,CUS-6774,72,West
1109,CUS-3373,39,South
1110,CUS-1115,71,East
1111,CUS-8556,39,West
1112,CUS-2315,34,North
1113,CUS-3655,42,South
1114,CUS-4536,35,East
1115,CUS-9224,38,South
1116,CUS-8926,63,South
1117,CUS-4086,25,South
1118,CUS-3740,56,East
1119,CUS-4259,47,North
1120,CUS-1631,19,West
1121,CUS-8375,55,West
1122,CUS-3756,1,South
1123,CUS-5148,18,East
1124,CUS-2698,70,East
1125,CUS-1557,45,East
1126,CUS-8975,38,South
1127,CUS-9369,29,West
1128,CUS-7022,,East
1129,CUS-7846,25,South
1130,CUS-8884,47,West
1131,CUS-3257,21,West
1132,CUS-5316,28,North
1133,CUS-2557,33,West
1134,CUS-8815,64,West
1135,CUS-7753,52,West
1136,CUS-5562,29,West
1137,CUS-9548,30,South
1138,CUS-9736,71,West
1139,CUS-4607,56,South
1140,CUS-8024,37,West
1141,CUS-3380,31,West
1142,CUS-9813,61,South
1143,CUS-1336,72,South
1144,CUS-7710,33,West
1145,CUS-2806,36,North
1146,CUS-5675,61,South
1147,CUS-6621,31,North
1148,CUS-3029,26,North
1149,CUS-4342,46,North
1150,CUS-5381,56,North
1151,CUS-7618,64,West
1152,CUS-2846,36,West
1153,CUS-4125,69,West
1154,CUS-2699,47,South
1155,CUS-4826,58,North
1156,CUS-2077,19,South
1157,CUS-1213,21,South
1158,CUS-2136,69,West
1159,CUS-7439,55,South
1160,CUS-4357,48,East
1161,CUS-7551,75,West
1162,CUS-1329,43,West
1163,CUS-4428,32,East
1164,CUS-8044,57,South
1165,CUS-6350,60,East
1166,CUS-5524,74,South
1167,CUS-4228,29,East
1168,CUS-6373,55,South
1169,CUS-5876,73,East
1170,CUS-4308,33,North
1171,CUS-6654,72,West
1172,CUS-5966,48,West
1173,CUS-4966,48,East
1174,CUS-5532,33,North
1175,CUS-9526,64,North
1176,CUS-5509,74,West
1177,CUS-4743,61,North
1178,CUS-2855,75,North
1179,CUS-4433,47,South
1180,CUS-2783,32,East
1181,CUS-3409,67,North
1182,CUS-9699,32,East
1183,CUS-8570,69,West
1184,CUS-1004,67,South
1185,CUS-7498,56,West
1186,CUS-6073,46,North
1187,CUS-8994,56,West
1188,CUS-2367,44,East
1189,CUS-1447,73,North
1190,CUS-6029,69,West
1191,CUS-6133,42,South
1192,CUS-7057,47,East
1193,CUS-7070,41,North
1194,CUS-4049,28,North
1195,CUS-1993,62,East
1196,CUS-6678,66,South
1197,CUS-8847,74,North
1198,CUS-2905,29,East
1199,CUS-9646,75,South
1200,CUS-2972,74,South
1201,CUS-3608,22,North
1202,CUS-8545,25,West
1203,CUS-7626,70,East
1204,CUS-9693,37,West
1205,CUS-1585,67,East
1206,CUS-2820,41,West
1207,CUS-8139,17,South
1208,CUS-2025,22,South
1209,CUS-2412,63,West
1210,CUS-7237,65,South
1211,CUS-1899,31,North
1212,CUS-5715,51,South
1213,CUS-1630,25,North
1214,CUS-6051,63,South
1215,CUS-2623,29,South
1216,CUS-4321,40,North
1217,CUS-9630,25,North
1218,CUS-6510,50,South
1219,CUS-8413,19,South
1220,CUS-6569,59,East
1221,CUS-9636,67,South
1222,CUS-1001,61,North
1223,CUS-6494,62,West
1224,CUS-6168,60,West
1225,CUS-1122,23,West
1226,CUS-1292,65,West
1227,CUS-6875,49,South
1228,CUS-4119,38,East
1229,CUS-6902,50,West
1230,CUS-4355,37,West
1231,CUS-7179,68,South
1232,CUS-5038,49,West
1233,CUS-9776,55,West
1234,CUS-9034,65,East
1235,CUS-4947,17,West
1236,CUS-4569,22,South
1237,CUS-8000,60,North
1238,CUS-1774,55,North
1239,CUS-3570,26,East
1240,CUS-7850,32,North
1241,CUS-3816,-5,South
1242,CUS-6974,74,South
1243,CUS-3183,41,North
1244,CUS-5387,64,North
1245,CUS-3729,18,South
1246,CUS-3428,24,North
1247,CUS-6558,47,North
1248,CUS-6887,64,North
1249,CUS-6739,55,West
1250,CUS-9367,21,East
1251,CUS-2791,62,South
1252,CUS-7510,52,South
1253,CUS-4297,60,South
1254,CUS-3580,63,West
1255,CUS-6228,51,West
1256,CUS-7968,71,East
1257,CUS-5306,43,South
1258,CUS-3199,32,South
1259,CUS-5794,65,East
1260,CUS-5090,-4,North
1261,CUS-6532,50,East
1262,CUS-2862,58,East
1263,CUS-3588,34,West
1264,CUS-8170,36,North
1265,CUS-8220,35,West
1266,CUS-4123,63,East
1267,CUS-9964,28,North
1268,CUS-4964,30,East
1269,CUS-7251,-6,East
1270,CUS-3377,26,East
1271,CUS-6459,75,South
1272,CUS-9355,52,West
1273,CUS-5404,21,East
1274,CUS-7486,48,South
1275,CUS-9706,57,North
1276,CUS-7613,70,North
1277,CUS-7449,47,East
1278,CUS-1996,50,North
1279,CUS-2165,71,East
1280,CUS-7379,58,East
1281,CUS-4273,50,South
1282,CUS-7371,24,South
1283,CUS-5627,20,South
1284,CUS-2637,43,West
1285,CUS-5481,47,West
1286,CUS-9947,75,East
1287,CUS-9854,51,North
1288,CUS-7734,70,West
1289,CUS-2488,36,North
1290,CUS-4285,60,North
1291,CUS-5149,55,West
1292,CUS-8691,41,West
1293,CUS-1141,41,West
1294,CUS-3861,68,East
1295,CUS-1075,27,South
1296,CUS-6738,44,North
1297,CUS-5545,61,East
1298,CUS-9551,24,South
1299,CUS-4414,38,North
1300,CUS-6645,34,South
1301,CUS-4243,42,West
1302,CUS-8026,73,West
1303,CUS-9761,23,South
1304,CUS-1105,51,South
1305,CUS-1077,45,South
1306,CUS-6790,49,West
1307,CUS-9145,68,East
1308,CUS-7431,40,East
1309,CUS-8036,62,North
1310,CUS-2754,71,West
1311,CUS-4463,50,North
1312,CUS-2159,66,West
1313,CUS-7577,44,West
1314,CUS-6130,35,North
1315,CUS-7165,68,East
1316,CUS-1050,,North
1317,CUS-6081,30,West
1318,CUS-9163,49,South
1319,CUS-9823,73,East
1320,CUS-1595,74,West
1321,CUS-1659,62,East
1322,CUS-6254,63,North
1323,CUS-2462,48,South
1324,CUS-2671,71,East
1325,CUS-7071,57,East
1326,CUS-6945,56,East
1327,CUS-5808,31,East
1328,CUS-6671,64,East
1329,CUS-5088,37,South
1330,CUS-4231,74,West
1331,CUS-3469,33,North
1332,CUS-6731,47,North
1333,CUS-4301,62,North
1334,CUS-5112,37,South
1335,CUS-9266,63,East
1336,CUS-3049,30,East
1337,CUS-2748,66,East
1338,CUS-5181,43,West
1339,CUS-2424,32,North
1340,CUS-6202,69,West
1341,CUS-1601,24,North
1342,CUS-8069,73,South
1343,CUS-7448,63,West
1344,CUS-8725,50,South
1345,CUS-6220,40,South
1346,CUS-2277,45,South
1347,CUS-2567,18,East
1348,CUS-2729,59,North
1349,CUS-9065,17,North
1350,CUS-8260,47,West
1351,CUS-8946,36,East
1352,CUS-8311,62,West
1353,CUS-4443,62,North
1354,CUS-2898,69,South
1355,CUS-6583,18,North
1356,CUS-2297,40,East
1357,CUS-8567,28,East
1358,CUS-3475,29,North
1359,CUS-8244,25,North
1360,CUS-1446,67,South
1361,CUS-3848,35,North
1362,CUS-7747,63,North
1363,CUS-1427,59,South
1364,CUS-7238,65,North
1365,CUS-2400,65,West
1366,CUS-3392,24,South
1367,CUS-8941,22,North
1368,CUS-3021,73,West
1369,CUS-3117,73,West
1370,CUS-8414,51,West
1371,CUS-9285,23,East
1372,CUS-6656,61,West
1373,CUS-4074,19,North
1374,CUS-9407,21,North
1375,CUS-6901,44,North
1376,CUS-3693,40,East
1377,CUS-8340,56,South
1378,CUS-3122,62,East
1379,CUS-4596,48,South
1380,CUS-4586,52,West
1381,CUS-3997,73,West
1382,CUS-9306,69,West
1383,CUS-7480,75,West
1384,CUS-5027,23,East
1385,CUS-9067,25,West
1386,CUS-4194,,South
1387,CUS-9560,31,South
1388,CUS-6488,37,West
1389,CUS-9045,55,North
1390,CUS-4540,18,North
1391,CUS-3844,23,East
1392,CUS-7248,21,East
1393,CUS-4319,71,North
1394,CUS-2514,18,East
1395,CUS-1807,70,North
1396,CUS-9202,37,West
1397,CUS-6541,23,East
1398,CUS-7903,41,West
1399,CUS-5855,33,East
1400,CUS-1179,32,East
1401,CUS-6702,64,South
1402,CUS-9830,57,North
1403,CUS-9768,30,East
1404,CUS-7633,50,East
1405,CUS-2975,18,East
1406,CUS-3205,30,North
1407,CUS-8336,56,North
1408,CUS-5402,17,West
1409,CUS-3290,64,North
1410,CUS-3233,58,East
1411,CUS-7198,72,North
1412,CUS-6610,39,East
1413,CUS-1420,40,East
1414,CUS-2720,44,West
1415,CUS-2813,20,East
1416,CUS-6303,46,South
1417,CUS-6745,26,North
1418,CUS-3136,62,West
1419,CUS-1202,46,North
1420,CUS-9121,62,South
1421,CUS-3234,,East
1422,CUS-3775,68,East
1423,CUS-3402,32,East
1424,CUS-4711,43,South
1425,CUS-1778,52,South
1426,CUS-4841,34,West
1427,CUS-9381,45,South
1428,CUS-9709,19,East
1429,CUS-3515,56,North
1430,CUS-5492,18,North
1431,CUS-9335,43,South
1432,CUS-9329,75,South
1433,CUS-1320,34,North
1434,CUS-1972,27,North
1435,CUS-1799,70,West
1436,CUS-7680,59,North
1437,CUS-4818,25,South
1438,CUS-5010,48,West
1439,CUS-6553,59,West
1440,CUS-5753,32,North
1441,CUS-1722,26,East
1442,CUS-1367,67,North
1443,CUS-9647,66,West
1444,CUS-7655,66,South
1445,CUS-9260,41,East
1446,CUS-9030,22,North
1447,CUS-2428,36,North
1448,CUS-4649,22,North
1449,CUS-1884,20,South
1450,CUS-1281,73,West
1451,CUS-5875,38,North
1452,CUS-3893,37,South
1453,CUS-4046,56,South
1454,CUS-5107,23,East
1455,CUS-1859,31,East
1456,CUS-8671,62,South
1457,CUS-1524,48,West
1458,CUS-5130,34,West
1459,CUS-5619,47,West
1460,CUS-6190,58,West
1461,CUS-2348,30,West
1462,CUS-1389,50,East
1463,CUS-7117,38,East
1464,CUS-6575,73,East
1465,CUS-7269,33,South
1466,CUS-2549,20,South
1467,CUS-8694,56,West
1468,CUS-8938,17,South
1469,CUS-6247,66,North
1470,CUS-3142,49,North
1471,CUS-2746,62,West
1472,CUS-1917,69,North
1473,CUS-3532,56,West
1474,CUS-8509,-2,South
1475,CUS-6916,68,East
1476,CUS-9690,34,North
1477,CUS-2111,56,East
1478,CUS-5547,45,West
1479,CUS-3560,33,West
1480,CUS-8329,20,East
1481,CUS-5806,24,West
1482,CUS-2761,47,East
1483,CUS-7735,24,East
1484,CUS-8852,52,West
1485,CUS-2121,46,South
1486,CUS-3799,19,East
1487,CUS-2774,57,North
1488,CUS-9925,71,East
1489,CUS-5941,2,South
1490,CUS-9252,51,South
1491,CUS-3498,38,East
1492,CUS-8184,20,North
1493,CUS-3256,19,South
1494,CUS-1362,26,East
1495,CUS-1953,30,South
1496,CUS-6420,18,South
1497,CUS-6348,38,North
1498,CUS-6127,44,North
1499,CUS-5252,17,North
1500,CUS-4041,68,West
1501,CUS-2653,30,East
1502,CUS-2369,39,West
1503,CUS-6028,34,West
1504,CUS-7582,30,East
1505,CUS-4940,36,North
1506,CUS-8932,54,North
1507,CUS-7584,34,South
1508,CUS-1244,28,East
1509,CUS-4664,40,West
1510,CUS-5897,39,South
1511,CUS-7003,18,North
1512,CUS-4750,2,North
1513,CUS-1655,-10,West
1514,CUS-9657,53,South
1515,CUS-4304,75,South
1516,CUS-6000,20,North
1517,CUS-8061,28,West
1518,CUS-2839,62,East
1519,CUS-4378,66,West
1520,CUS-1275,58,West
1521,CUS-6060,31,North
1522,CUS-3335,71,South
1523,CUS-9432,75,South
1524,CUS-7105,47,South
1525,CUS-4773,26,East
1526,CUS-5142,49,North
1527,CUS-3705,57,North
1528,CUS-9824,49,South
1529,CUS-3064,44,South
1530,CUS-5783,40,East
1531,CUS-7096,72,East
1532,CUS-8143,29,South
1533,CUS-6935,28,East
1534,CUS-8331,56,East
1535,CUS-7980,49,North
1536,CUS-9956,69,South
1537,CUS-7800,21,North
1538,CUS-4268,60,North
1539,CUS-3317,75,East
1540,CUS-9848,19,South
1541,CUS-5074,68,West
1542,CUS-5594,66,East
1543,CUS-7768,75,South
1544,CUS-1735,63,South
1545,CUS-2508,47,South
1546,CUS-8809,60,North
1547,CUS-2157,41,West
1548,CUS-5725,20,North
1549,CUS-7270,57,South
1550,CUS-1893,27,East
1551,CUS-7097,22,West
1552,CUS-9205,30,West
1553,CUS-1221,37,West
1554,CUS-2876,39,South
1555,CUS-1358,22,East
1556,CUS-5447,59,North
1557,CUS-9144,37,South
1558,CUS-3222,66,West
1559,CUS-3931,37,South
1560,CUS-9196,42,East
1561,CUS-9613,22,South
1562,CUS-1121,74,West
1563,CUS-4395,27,North
1564,CUS-7976,27,South
1565,CUS-3696,-6,East
1566,CUS-6949,28,West
1567,CUS-9757,67,West
1568,CUS-6707,52,East
1569,CUS-4622,46,West
1570,CUS-1772,73,South
1571,CUS-6423,72,North
1572,CUS-6404,63,South
1573,CUS-9410,1,South
1574,CUS-4447,51,East
1575,CUS-5136,29,North
1576,CUS-5718,42,North
1577,CUS-1802,44,South
1578,CUS-9540,29,West
1579,CUS-6482,69,South
1580,CUS-6240,37,West
1581,CUS-9400,18,West
1582,CUS-4598,43,North
1583,CUS-4147,37,East
1584,CUS-3883,69,South
1585,CUS-7387,71,East
1586,CUS-2884,39,East
1587,CUS-8498,40,South
1588,CUS-1994,37,South
1589,CUS-8362,40,West
1590,CUS-7102,57,North
1591,CUS-9248,34,East
1592,CUS-7404,66,West
1593,CUS-7026,74,West
1594,CUS-5379,32,West
1595,CUS-3834,52,West
1596,CUS-9001,61,North
1597,CUS-6762,26,West
1598,CUS-6797,66,West
1599,CUS-5100,54,East
1600,CUS-1858,66,East
1601,CUS-6968,56,North
1602,CUS-7443,60,North
1603,CUS-6276,32,South
1604,CUS-8828,43,West
1605,CUS-7630,70,North
1606,CUS-9924,37,North
1607,CUS-8780,61,South
1608,CUS-2254,26,East
1609,CUS-7297,32,South
1610,CUS-8723,21,East
1611,CUS-8638,62,North
1612,CUS-3817,43,West
1613,CUS-2958,60,North
1614,CUS-1018,61,North
1615,CUS-5221,25,North
1616,CUS-6713,28,South
1617,CUS-6120,23,West
1618,CUS-5905,54,East
1619,CUS-4633,32,West
1620,CUS-4281,71,West
1621,CUS-1297,23,South
1622,CUS-9273,51,North
1623,CUS-2755,29,North
1624,CUS-1204,46,North
1625,CUS-4244,27,South
1626,CUS-4533,20,East
1627,CUS-7468,55,East
1628,CUS-7925,68,North
1629,CUS-8477,66,South
1630,CUS-2753,50,East
1631,CUS-5276,43,West
1632,CUS-1257,46,West
1633,CUS-9167,60,North
1634,CUS-3170,18,East
1635,CUS-7099,37,North
1636,CUS-9002,51,West
1637,CUS-2252,75,West
1638,CUS-9385,49,West
1639,CUS-1869,21,South
1640,CUS-9671,48,North
1641,CUS-9073,49,South
1642,CUS-7393,20,South
1643,CUS-6380,21,West
1644,CUS-2192,31,East
1645,CUS-3783,70,East
1646,CUS-1620,51,North
1647,CUS-4847,44,East
1648,CUS-7507,68,West
1649,CUS-7340,30,East
1650,CUS-3028,59,South
1651,CUS-9563,67,West
1652,CUS-6643,44,North
1653,CUS-1614,31,West
1654,CUS-5498,23,South
1655,CUS-6397,24,North
1656,CUS-1600,29,West
1657,CUS-6119,52,South
1658,CUS-5827,36,East
1659,CUS-4225,27,North
1660,CUS-5888,67,South
1661,CUS-8268,64,South
1662,CUS-6726,36,South
1663,CUS-1907,32,East
1664,CUS-3907,56,East
1665,CUS-3393,50,East
1666,CUS-6699,63,North
1667,CUS-1548,20,West
1668,CUS-7110,54,South
1669,CUS-5934,56,North
1670,CUS-9561,57,South
1671,CUS-3550,26,West
1672,CUS-2643,25,East
1673,CUS-5206,22,North
1674,CUS-9181,30,South
1675,CUS-4148,58,South
1676,CUS-8559,75,North
1677,CUS-7839,30,North
1678,CUS-2496,44,West
1679,CUS-6179,30,West
1680,CUS-5992,73,North
1681,CUS-5168,40,North
1682,CUS-8523,55,North
1683,CUS-4345,32,East
1684,CUS-6469,58,North
1685,CUS-6565,74,West
1686,CUS-4708,40,West
1687,CUS-2841,34,West
1688,CUS-5687,59,West
1689,CUS-9525,38,East
1690,CUS-3319,60,North
1691,CUS-3137,65,West
1692,CUS-8127,34,West
1693,CUS-4798,59,East
1694,CUS-3066,47,North
1695,CUS-7920,69,South
1696,CUS-8516,74,West
1697,CUS-5549,70,East
1698,CUS-9172,64,South
1699,CUS-5157,72,North
1700,CUS-6796,48,North
1701,CUS-4437,36,East
1702,CUS-1189,43,West
1703,CUS-9501,33,North
1704,CUS-2152,74,South
1705,CUS-3757,73,South
1706,CUS-9744,29,West
1707,CUS-8930,55,South
1708,CUS-6302,57,North
1709,CUS-7585,48,South
1710,CUS-1528,44,West
1711,CUS-5042,74,West
1712,CUS-5369,64,South
1713,CUS-5540,61,North
1714,CUS-2110,43,East
1715,CUS-4374,20,East
1716,CUS-2832,51,East
1717,CUS-2600,43,South
1718,CUS-2668,62,South
1719,CUS-6634,52,West
1720,CUS-2594,59,East
1721,CUS-3996,63,West
1722,CUS-6967,26,East
1723,CUS-1579,67,West
1724,CUS-4877,70,East
1725,CUS-8178,64,East
1726,CUS-8267,-8,West
1727,CUS-8264,17,North
1728,CUS-1063,68,West
1729,CUS-1361,52,East
1730,CUS-1526,49,West
1731,CUS-5084,19,South
1732,CUS-3098,43,South
1733,CUS-9022,41,West
1734,CUS-7622,71,East
1735,CUS-6695,28,East
1736,CUS-6763,75,West
1737,CUS-4687,27,South
1738,CUS-6305,35,South
1739,CUS-8965,71,West
1740,CUS-3791,20,North
1741,CUS-4644,23,South
1742,CUS-6134,59,South
1743,CUS-5176,24,North
1744,CUS-5301,59,North
1745,CUS-2286,28,West
1746,CUS-4113,44,North
1747,CUS-5122,35,West
1748,CUS-8778,18,South
1749,CUS-7951,37,West
1750,CUS-3597,37,East
1751,CUS-4136,75,South
1752,CUS-7200,25,East
1753,CUS-7777,31,North
1754,CUS-8560,23,West
1755,CUS-9304,41,West
1756,CUS-4419,57,West
1757,CUS-1493,74,South
1758,CUS-5929,61,North
1759,CUS-1605,49,South
1760,CUS-9959,28,North
1761,CUS-7284,58,North
1762,CUS-7395,27,East
1763,CUS-4060,33,East
1764,CUS-8094,53,West
1765,CUS-3268,51,East
1766,CUS-9147,73,East
1767,CUS-7303,56,South
1768,CUS-1968,25,North
1769,CUS-4579,53,East
1770,CUS-4001,39,West
1771,CUS-8850,56,East
1772,CUS-9438,21,East
1773,CUS-3745,27,South
1774,CUS-6980,57,North
1775,CUS-9874,39,West
1776,CUS-9878,37,North
1777,CUS-9685,53,West
1778,CUS-6108,47,West
1779,CUS-7354,54,North
1780,CUS-6891,52,North
1781,CUS-9775,75,East
1782,CUS-6512,19,West
1783,CUS-6701,72,East
1784,CUS-4298,28,East
1785,CUS-9609,54,West
1786,CUS-7326,57,South
1787,CUS-6798,71,West
1788,CUS-4417,57,West
1789,CUS-9738,49,South
1790,CUS-8500,59,East
1791,CUS-7798,70,East
1792,CUS-9511,31,West
1793,CUS-6111,41,West
1794,CUS-1785,35,West
1795,CUS-1957,41,East
1796,CUS-9443,70,South
1797,CUS-1422,45,North
1798,CUS-9375,42,East
1799,CUS-5454,-9,South
1800,CUS-1293,53,South
1801,CUS-6556,35,South
1802,CUS-3795,55,West
1803,CUS-6294,63,South
1804,CUS-7441,36,East
1805,CUS-6444,38,East
1806,CUS-3362,21,East
1807,CUS-6999,67,East
1808,CUS-2392,74,South
1809,CUS-2203,47,West
1810,CUS-7485,52,South
1811,CUS-3685,71,East
1812,CUS-2122,68,South
1813,CUS-9683,18,East
1814,CUS-4159,68,East
1815,CUS-5156,33,North
1816,CUS-4675,45,West
1817,CUS-8043,69,East
1818,CUS-3480,37,North
1819,CUS-9005,19,South
1820,CUS-4724,46,North
1821,CUS-9954,46,South
1822,CUS-6884,48,East
1823,CUS-7295,19,West
1824,CUS-3577,17,East
1825,CUS-1185,43,North
1826,CUS-1045,59,South
1827,CUS-2379,49,North
1828,CUS-7159,67,South
1829,CUS-2632,70,West
1830,CUS-2497,70,South
1831,CUS-6782,57,West
1832,CUS-1725,17,South
1833,CUS-3541,,South
1834,CUS-2946,31,South
1835,CUS-4353,34,North
1836,CUS-5975,62,West
1837,CUS-5399,45,West
1838,CUS-3659,31,East
1839,CUS-5280,23,North
1840,CUS-1200,52,West
1841,CUS-1300,20,West
1842,CUS-1170,61,South
1843,CUS-7241,21,North
1844,CUS-8664,30,West
1845,CUS-2399,63,West
1846,CUS-3935,22,West
1847,CUS-9721,30,East
1848,CUS-9085,,North
1849,CUS-1471,29,South
1850,CUS-8155,45,North
1851,CUS-3606,25,North
1852,CUS-8781,-7,South
1853,CUS-2847,45,South
1854,CUS-6301,43,West
1855,CUS-6281,26,West
1856,CUS-7944,64,North
1857,CUS-3959,-10,North
1858,CUS-1069,61,South
1859,CUS-9093,70,West
1860,CUS-7292,65,South
1861,CUS-2323,58,East
1862,CUS-4352,66,North
1863,CUS-5197,39,West
1864,CUS-1266,20,East
1865,CUS-4808,52,East
1866,CUS-4477,,South
1867,CUS-9195,56,North
1868,CUS-6165,-8,North
1869,CUS-5428,55,North
1870,CUS-6243,-3,West
1871,CUS-1233,70,South
1872,CUS-5247,49,East
1873,CUS-2538,31,East
1874,CUS-6760,17,South
1875,CUS-9649,39,West
1876,CUS-2602,55,South
1877,CUS-8251,73,South
1878,CUS-1085,19,North
1879,CUS-6903,73,South
1880,CUS-4442,75,North
1881,CUS-5388,66,West
1882,CUS-6080,67,South
1883,CUS-3435,28,South
1884,CUS-9239,-8,South
1885,CUS-1581,73,South
1886,CUS-4397,1,North
1887,CUS-3072,65,West
1888,CUS-1749,17,North
1889,CUS-5091,21,South
1890,CUS-4804,75,North
1891,CUS-7120,34,East
1892,CUS-8921,20,North
1893,CUS-5464,33,West
1894,CUS-6724,51,East
1895,CUS-7691,73,South
1896,CUS-9589,66,East
1897,CUS-8786,25,South
1898,CUS-8071,47,South
1899,CUS-8057,66,North
1900,CUS-3788,63,East
1901,CUS-3433,18,North
1902,CUS-5243,39,West
1903,CUS-9256,18,South
1904,CUS-1671,31,North
1905,CUS-1442,51,East
1906,CUS-9502,17,West
1907,CUS-4982,61,South
1908,CUS-2883,23,North
1909,CUS-9231,51,South
1910,CUS-1502,29,East
1911,CUS-6053,57,North
1912,CUS-1568,47,South
1913,CUS-9166,70,West
1914,CUS-6252,67,North
1915,CUS-7357,65,North
1916,CUS-8706,30,West
1917,CUS-6877,34,North
1918,CUS-1649,46,East
1919,CUS-2282,73,North
1920,CUS-8445,60,North
1921,CUS-5812,25,West
1922,CUS-6163,62,West
1923,CUS-2614,68,South
1924,CUS-4004,17,North
1925,CUS-9251,27,North
1926,CUS-9858,47,West
1927,CUS-6630,39,West
1928,CUS-3692,67,East
1929,CUS-9666,73,North
1930,CUS-2309,47,West
1931,CUS-4434,54,West
1932,CUS-7629,70,North
1933,CUS-2977,17,South
1934,CUS-2296,39,West
1935,CUS-6522,28,East
1936,CUS-5925,72,North
1937,CUS-4230,69,East
1938,CUS-3347,64,South
1939,CUS-4150,73,South
1940,CUS-3888,41,South
1941,CUS-8928,64,West
1942,CUS-6431,22,South
1943,CUS-5833,69,North
1944,CUS-2076,49,South
1945,CUS-4694,62,North
1946,CUS-3676,50,South
1947,CUS-3948,57,South
1948,CUS-5403,22,South
1949,CUS-3452,49,South
1950,CUS-8151,32,North
1951,CUS-5791,55,South
1952,CUS-9173,75,West
1953,CUS-9537,50,West
1954,CUS-7413,72,South
1955,CUS-4173,37,West
1956,CUS-6105,28,South
1957,CUS-4165,70,East
1958,CUS-6811,47,East
1959,CUS-8713,24,East
1960,CUS-5058,25,North
1961,CUS-5595,22,North
1962,CUS-8407,21,West
1963,CUS-2449,62,West
1964,CUS-7669,63,West
1965,CUS-9276,59,West
1966,CUS-1051,18,West
1967,CUS-8372,52,North
1968,CUS-4322,70,East
1969,CUS-9198,25,North
1970,CUS-5744,43,South
1971,CUS-5022,65,East
1972,CUS-2573,31,South
1973,CUS-6070,30,West
1974,CUS-7289,75,West
1975,CUS-9592,53,East
1976,CUS-7319,74,East
1977,CUS-4597,34,East
1978,CUS-1344,47,West
1979,CUS-3634,65,West
1980,CUS-5413,18,North
1981,CUS-6376,72,South
1982,CUS-5854,49,West
1983,CUS-8357,24,East
1984,CUS-9283,19,North
1985,CUS-7100,23,South
1986,CUS-3572,70,West
1987,CUS-7871,74,East
1988,CUS-2156,44,East
1989,CUS-5479,27,North
1990,CUS-9530,19,West
1991,CUS-7732,60,North
1992,CUS-4989,39,East
1993,CUS-8676,27,South
1994,CUS-3488,64,West
1995,CUS-3954,58,East
1996,CUS-5356,70,East
1997,CUS-1108,53,South
1998,CUS-5573,50,East
1999,CUS-9187,45,South
2000,CUS-3305,72,South
2001,CUS-2505,61,East
2002,CUS-3717,69,South
2003,CUS-2361,31,South
2004,CUS-1656,19,North
2005,CUS-5133,58,South
2006,CUS-4739,47,East
2007,CUS-3753,37,West
2008,CUS-9390,44,East
2009,CUS-7703,31,North
2010,CUS-3069,55,North
2011,CUS-6020,45,East
2012,CUS-2459,45,North
2013,CUS-7363,38,East
2014,CUS-1171,45,West
2015,CUS-1818,45,North
2016,CUS-3632,60,South
2017,CUS-8524,66,East
2018,CUS-3715,58,East
2019,CUS-9996,30,South
2020,CUS-2863,40,East
2021,CUS-9051,58,East
2022,CUS-7829,58,South
2023,CUS-5947,53,North
2024,CUS-4744,51,West
2025,CUS-3443,55,South
2026,CUS-8130,55,West
2027,CUS-3496,39,South
2028,CUS-3180,34,West
2029,CUS-7132,72,East
2030,CUS-1313,59,West
2031,CUS-3552,44,South
2032,CUS-1383,26,East
2033,CUS-6802,64,West
2034,CUS-8177,65,East
2035,CUS-1622,34,East
2036,CUS-2336,73,North
2037,CUS-6045,27,West
2038,CUS-6836,35,West
2039,CUS-2048,49,East
2040,CUS-6722,44,West
2041,CUS-8806,37,East
2042,CUS-7658,31,East
2043,CUS-7181,32,North
2044,CUS-5217,43,East
2045,CUS-8906,68,East
2046,CUS-2865,32,North
2047,CUS-5866,37,North
2048,CUS-4213,60,West
2049,CUS-7666,73,East
2050,CUS-6783,67,South
2051,CUS-3025,72,West
2052,CUS-5393,33,West
2053,CUS-7300,75,West
2054,CUS-7665,73,North
2055,CUS-6857,66,North
2056,CUS-4772,69,West
2057,CUS-8228,40,East
2058,CUS-9558,65,East
2059,CUS-1612,64,North
2060,CUS-4905,75,East
2061,CUS-2378,33,North
2062,CUS-3175,52,North
2063,CUS-6298,40,North
2064,CUS-8367,33,East
2065,CUS-1857,54,North
2066,CUS-6354,42,North
2067,CUS-8080,75,West
2068,CUS-2098,61,East
2069,CUS-8969,21,West
2070,CUS-1835,42,North
2071,CUS-6242,61,West
2072,CUS-8166,59,South
2073,CUS-3505,73,West
2074,CUS-6997,49,West
2075,CUS-2893,31,East
2076,CUS-4140,44,North
2077,CUS-7525,70,North
2078,CUS-5039,74,West
2079,CUS-3346,74,South
2080,CUS-8488,64,West
2081,CUS-6464,23,North
2082,CUS-6996,61,North
2083,CUS-6449,54,North
2084,CUS-2913,30,East
2085,CUS-1449,25,North
2086,CUS-7460,28,East
2087,CUS-4134,38,West
2088,CUS-6667,51,South
2089,CUS-8369,50,South
2090,CUS-5126,62,West
2091,CUS-6926,68,West
2092,CUS-1905,26,East
2093,CUS-7785,43,South
2094,CUS-2264,36,West
2095,CUS-7477,23,South
2096,CUS-1904,54,East
2097,CUS-2210,73,North
2098,CUS-4760,31,South
2099,CUS-7073,32,South
2100,CUS-8802,54,South
2101,CUS-5116,69,West
2102,CUS-2892,23,East
2103,CUS-3789,30,West
2104,CUS-3543,63,South
2105,CUS-2338,45,South
2106,CUS-4233,45,West
2107,CUS-8604,20,North
2108,CUS-6973,22,South
2109,CUS-5604,39,North
2110,CUS-3449,31,South
2111,CUS-3924,21,West
2112,CUS-1232,63,North
2113,CUS-2536,33,North
2114,CUS-3841,46,South
2115,CUS-6709,51,West
2116,CUS-6435,32,East
2117,CUS-9659,69,North
2118,CUS-9035,39,West
2119,CUS-9838,75,North
2120,CUS-7337,38,North
2121,CUS-5337,24,North
2122,CUS-5439,74,West
2123,CUS-4594,46,North
2124,CUS-3343,26,North
2125,CUS-7964,26,South
2126,CUS-3314,22,North
2127,CUS-3726,68,North
2128,CUS-5782,72,West
2129,CUS-1867,37,West
2130,CUS-4006,66,West
2131,CUS-8185,47,West
2132,CUS-9637,42,East
2133,CUS-6939,64,West
2134,CUS-8453,24,South
2135,CUS-3089,58,West
2136,CUS-1662,64,South
2137,CUS-1014,50,South
2138,CUS-5446,60,West
2139,CUS-4363,43,North
2140,CUS-1849,41,North
2141,CUS-6981,63,West
2142,CUS-7583,73,West
2143,CUS-1131,23,West
2144,CUS-3464,17,West
2145,CUS-9161,52,West
2146,CUS-5507,68,East
2147,CUS-7587,23,South
2148,CUS-8616,24,East
2149,CUS-9546,23,West
2150,CUS-6925,44,East
2151,CUS-5602,35,South
2152,CUS-5954,32,North
2153,CUS-8008,69,South
2154,CUS-3160,34,West
2155,CUS-2679,73,North
2156,CUS-7974,41,West
2157,CUS-9506,71,East
2158,CUS-1739,49,East
2159,CUS-4581,32,East
2160,CUS-2053,39,East
2161,CUS-8658,56,South
2162,CUS-3132,18,East
2163,CUS-7687,75,East
2164,CUS-4192,63,East
2165,CUS-6324,44,East
2166,CUS-1598,17,South
2167,CUS-8971,45,South
2168,CUS-4124,59,South
2169,CUS-5566,69,South
2170,CUS-5401,61,East
2171,CUS-3864,30,West
2172,CUS-3396,49,North
2173,CUS-7219,60,East
2174,CUS-6697,40,North
2175,CUS-9061,36,North
2176,CUS-3936,22,South
2177,CUS-7286,47,North
2178,CUS-6552,53,East
2179,CUS-8876,39,West
2180,CUS-5297,52,West
2181,CUS-2074,19,North
2182,CUS-1984,54,East
2183,CUS-4263,67,West
2184,CUS-9905,48,East
2185,CUS-7512,65,North
2186,CUS-7548,55,West
2187,CUS-4489,33,South
2188,CUS-3077,57,East
2189,CUS-4995,33,East
2190,CUS-9777,28,West
2191,CUS-5528,25,South
2192,CUS-7654,59,South
2193,CUS-2349,,West
2194,CUS-1590,30,North
2195,CUS-1925,66,West
2196,CUS-1750,48,East
2197,CUS-2551,44,North
2198,CUS-6340,30,West
2199,CUS-7689,18,North
2200,CUS-7912,38,West
2201,CUS-2410,56,East
2202,CUS-4469,19,South
2203,CUS-8551,73,East
2204,CUS-1127,43,North
2205,CUS-2777,62,East
2206,CUS-3622,44,West
2207,CUS-4878,48,East
2208,CUS-1717,69,West
2209,CUS-1166,59,South
2210,CUS-8020,56,South
2211,CUS-7305,54,South
2212,CUS-8974,37,East
2213,CUS-8821,66,South
2214,CUS-9542,42,South
2215,CUS-5798,26,South
2216,CUS-4507,19,North
2217,CUS-3244,63,South
2218,CUS-6164,49,South
2219,CUS-9734,,South
2220,CUS-8875,54,East
2221,CUS-4157,28,East
2222,CUS-5281,65,North
2223,CUS-8456,48,East
2224,CUS-8791,23,South
2225,CUS-5708,17,West
2226,CUS-5874,24,East
2227,CUS-4189,51,South
2228,CUS-5456,47,South
2229,CUS-1508,39,East
2230,CUS-7880,60,South
2231,CUS-9171,63,West
2232,CUS-8576,31,East
2233,CUS-7752,33,West
2234,CUS-3694,46,East
2235,CUS-4643,49,South
2236,CUS-2768,19,North
2237,CUS-8384,37,South
2238,CUS-7279,34,North
2239,CUS-3765,33,West
2240,CUS-3348,66,North
2241,CUS-9383,33,North
2242,CUS-9623,71,South
2243,CUS-5068,38,East
2244,CUS-5699,36,North
2245,CUS-9684,28,South
2246,CUS-4341,71,South
2247,CUS-7523,39,North
2248,CUS-4061,17,North
2249,CUS-5609,,West
2250,CUS-4766,-5,East
2251,CUS-5103,30,East
2252,CUS-9362,28,North
2253,CUS-1106,63,South
2254,CUS-5159,73,North
2255,CUS-5414,52,South
2256,CUS-4460,26,West
2257,CUS-5152,28,West
2258,CUS-9265,50,South
2259,CUS-9178,33,North
2260,CUS-4009,21,East
2261,CUS-1206,49,South
2262,CUS-3080,65,East
2263,CUS-7366,21,North
2264,CUS-6075,47,West
2265,CUS-2856,45,West
2266,CUS-9242,38,South
2267,CUS-3444,34,East
2268,CUS-2673,19,West
2269,CUS-3085,60,East
2270,CUS-2244,18,South
2271,CUS-1929,69,North
2272,CUS-5653,17,North
2273,CUS-6589,49,North
2274,CUS-8757,36,East
2275,CUS-2365,50,West
2276,CUS-4454,53,South
2277,CUS-7112,44,South
2278,CUS-3308,27,West
2279,CUS-6989,65,West
2280,CUS-5637,19,East
2281,CUS-3352,18,South
2282,CUS-5737,41,South
2283,CUS-2427,55,West
2284,CUS-6639,41,North
2285,CUS-4583,27,North
2286,CUS-3093,52,North
2287,CUS-9689,64,East
2288,CUS-2558,63,North
2289,CUS-8549,35,North
2290,CUS-4674,18,West
2291,CUS-1023,70,East
2292,CUS-6719,36,West
2293,CUS-9952,50,North
2294,CUS-4111,48,West
2295,CUS-3651,30,East
2296,CUS-3223,27,South
2297,CUS-2109,53,East
2298,CUS-3322,29,East
2299,CUS-1028,62,West
2300,CUS-3778,55,South
2301,CUS-2694,20,East
2302,CUS-3394,39,South
2303,CUS-2588,59,South
2304,CUS-4226,24,South
2305,CUS-9055,29,East
2306,CUS-5106,62,West
2307,CUS-5685,42,North
2308,CUS-3078,56,East
2309,CUS-7166,41,South
2310,CUS-3313,61,East
2311,CUS-7947,50,South
2312,CUS-3763,23,West
2313,CUS-5756,44,East
2314,CUS-2827,68,South
2315,CUS-8989,45,North
2316,CUS-8303,55,East
2317,CUS-5334,29,West
2318,CUS-2616,74,North
2319,CUS-7886,59,North
2320,CUS-4800,20,West
2321,CUS-1296,61,East
2322,CUS-8550,28,South
2323,CUS-9170,47,East
2324,CUS-1298,60,South
2325,CUS-2393,62,West
2326,CUS-8083,36,North
2327,CUS-4303,32,East
2328,CUS-2386,31,North
2329,CUS-9318,54,East
2330,CUS-6472,74,South
2331,CUS-5676,29,East
2332,CUS-1723,27,North
2333,CUS-4114,52,West
2334,CUS-9279,35,East
2335,CUS-9245,41,North
2336,CUS-1931,56,South
2337,CUS-2776,51,West
2338,CUS-5838,20,East
2339,CUS-5557,28,North
2340,CUS-7452,40,North
2341,CUS-9508,71,South
2342,CUS-9872,27,South
2343,CUS-4107,22,East
2344,CUS-4026,61,North
2345,CUS-5909,61,North
2346,CUS-3797,74,North
2347,CUS-4751,36,East
2348,CUS-6626,21,West
2349,CUS-6135,18,East
2350,CUS-7539,32,North
2351,CUS-3484,53,North
2352,CUS-6246,50,West
2353,CUS-2925,73,East
2354,CUS-5164,62,West
2355,CUS-1416,26,West
2356,CUS-7123,72,North
2357,CUS-9582,23,West
2358,CUS-7728,58,East
2359,CUS-3969,49,South
2360,CUS-7640,40,North
2361,CUS-8902,18,North
2362,CUS-7833,64,East
2363,CUS-8492,66,West
2364,CUS-4055,61,East
2365,CUS-4627,67,South
2366,CUS-7560,56,South
2367,CUS-3143,24,West
2368,CUS-4762,66,South
2369,CUS-7672,61,West
2370,CUS-5883,66,North
2371,CUS-9544,58,South
2372,CUS-8491,28,South
2373,CUS-4333,24,West
2374,CUS-6987,57,South
2375,CUS-5916,34,East
2376,CUS-5147,37,West
2377,CUS-6065,43,North
2378,CUS-7529,56,South
2379,CUS-6260,61,West
2380,CUS-8179,35,South
2381,CUS-5690,64,West
2382,CUS-1024,40,South
2383,CUS-6249,17,East
2384,CUS-8263,19,West
2385,CUS-6794,38,East
2386,CUS-6608,32,East
2387,CUS-3378,44,North
2388,CUS-8562,72,North
2389,CUS-3500,24,North
2390,CUS-1732,22,South
2391,CUS-7499,72,North
2392,CUS-5955,32,East
2393,CUS-3984,52,South
2394,CUS-7118,21,North
2395,CUS-2513,42,West
2396,CUS-7131,27,West
2397,CUS-6753,53,East
2398,CUS-2404,47,East
2399,CUS-3723,17,East
2400,CUS-4035,-7,North
2401,CUS-1360,68,South
2402,CUS-1845,53,East
2403,CUS-8505,28,East
2404,CUS-1258,74,East
2405,CUS-3298,69,West
2406,CUS-6864,66,South
2407,CUS-6693,43,East
2408,CUS-4778,17,North
2409,CUS-2324,-4,East
2410,CUS-8704,25,East
2411,CUS-9156,64,West
2412,CUS-1679,73,North
2413,CUS-6742,18,South
2414,CUS-9806,63,South
2415,CUS-3978,74,East
2416,CUS-4705,28,East
2417,CUS-6842,19,West
2418,CUS-5887,36,West
2419,CUS-8484,21,North
2420,CUS-3674,20,East
2421,CUS-2917,43,West
2422,CUS-7356,75,East
2423,CUS-1472,23,South
2424,CUS-4710,30,South
2425,CUS-1026,36,North
2426,CUS-6725,49,West
2427,CUS-1577,45,South
2428,CUS-8779,62,West
2429,CUS-9960,31,South
2430,CUS-9720,43,West
2431,CUS-3786,36,South
2432,CUS-9753,75,East
2433,CUS-5101,39,South
2434,CUS-5969,67,East
2435,CUS-1523,24,East
2436,CUS-2565,70,East
2437,CUS-2711,44,West
2438,CUS-7776,38,South
2439,CUS-8473,67,East
2440,CUS-4222,17,West
2441,CUS-9715,59,East
2442,CUS-8596,20,North
2443,CUS-3128,50,North
2444,CUS-4968,37,West
2445,CUS-6880,3,West
2446,CUS-4896,58,West
2447,CUS-2267,32,West
2448,CUS-5185,74,East
2449,CUS-1312,31,South
2450,CUS-6010,26,East
2451,CUS-9482,30,North
2452,CUS-5563,48,East
2453,CUS-4605,45,West
2454,CUS-3646,38,West
2455,CUS-7567,68,West
2456,CUS-3639,69,West
2457,CUS-8204,50,South
2458,CUS-6947,38,West
2459,CUS-9326,34,West
2460,CUS-6415,26,East
2461,CUS-2065,-3,West
2462,CUS-8364,66,West
2463,CUS-6265,74,North
2464,CUS-6555,50,West
2465,CUS-2039,37,East
2466,CUS-6675,44,East
2467,CUS-2202,17,West
2468,CUS-6320,45,East
2469,CUS-8668,58,East
2470,CUS-9943,41,North
2471,CUS-4133,50,North
2472,CUS-6698,56,East
2473,CUS-9680,42,East
2474,CUS-8647,28,East
2475,CUS-4716,47,South
2476,CUS-4058,60,South
2477,CUS-3856,46,East
2478,CUS-2942,51,South
2479,CUS-6443,49,East
2480,CUS-7268,74,North
2481,CUS-4537,73,South
2482,CUS-7228,48,South
2483,CUS-8135,28,East
2484,CUS-1288,44,West
2485,CUS-7351,25,South
2486,CUS-6287,48,East
2487,CUS-2793,22,South
2488,CUS-4405,74,East
2489,CUS-4247,72,South
2490,CUS-3165,37,West
2491,CUS-5915,65,West
2492,CUS-3644,48,South
2493,CUS-3838,32,West
2494,CUS-8817,63,South
2495,CUS-3288,49,West
2496,CUS-6263,55,East
2497,CUS-7632,17,West
2498,CUS-1699,28,North
2499,CUS-4257,46,North
2500,CUS-7176,22,North
2501,CUS-1663,59,North
2502,CUS-4178,57,East
2503,CUS-7571,75,East
2504,CUS-6714,32,South
2505,CUS-2790,64,East
2506,CUS-8370,18,South
2507,CUS-4102,33,North
2508,CUS-4720,44,South
2509,CUS-8937,47,North
2510,CUS-3083,28,East
2511,CUS-7694,41,West
2512,CUS-6969,29,North
2513,CUS-7004,,North
2514,CUS-1713,19,West
2515,CUS-7580,23,South
2516,CUS-3320,24,North
2517,CUS-7509,49,North
2518,CUS-5458,26,North
2519,CUS-6176,25,North
2520,CUS-3989,17,West
2521,CUS-4430,20,East
2522,CUS-8154,25,South
2523,CUS-9965,52,East
2524,CUS-9421,48,East
2525,CUS-4389,41,North
2526,CUS-2608,67,West
2527,CUS-5762,23,South
2528,CUS-6841,27,East
2529,CUS-1759,56,West
2530,CUS-8088,52,South
2531,CUS-7765,61,West
2532,CUS-9499,61,East
2533,CUS-6957,74,West
2534,CUS-4742,35,North
2535,CUS-5254,75,East
2536,CUS-5657,26,South
2537,CUS-4930,35,West
2538,CUS-1468,72,East
2539,CUS-6692,64,South
2540,CUS-8271,26,North
2541,CUS-5177,47,East
2542,CUS-4813,40,North
2543,CUS-1485,45,North
2544,CUS-3141,18,South
2545,CUS-9435,62,East
2546,CUS-4623,68,North
2547,CUS-2706,73,East
2548,CUS-2485,67,East
2549,CUS-4763,75,South
2550,CUS-5017,56,North
2551,CUS-4242,41,East
2552,CUS-2406,49,West
2553,CUS-9133,50,East
2554,CUS-2143,30,West
2555,CUS-5178,35,South
2556,CUS-4488,63,East
2557,CUS-5544,57,South
2558,CUS-8476,72,North
2559,CUS-5239,40,East
2560,CUS-5443,39,South
2561,CUS-2812,46,West
2562,CUS-8749,32,North
2563,CUS-6225,75,North
2564,CUS-9912,49,North
2565,CUS-3225,50,East
2566,CUS-4971,27,East
2567,CUS-3709,56,East
2568,CUS-9011,28,East
2569,CUS-6831,49,South
2570,CUS-3863,58,North
2571,CUS-8988,33,North
2572,CUS-6647,53,East
2573,CUS-1087,40,West
2574,CUS-6766,48,West
2575,CUS-5814,70,West
2576,CUS-5283,17,South
2577,CUS-3015,24,West
2578,CUS-3329,59,West
2579,CUS-8666,58,West
2580,CUS-9244,39,West
2581,CUS-5607,55,North
2582,CUS-8499,43,South
2583,CUS-8927,41,South
2584,CUS-5005,-5,East
2585,CUS-9541,30,South
2586,CUS-8628,34,West
2587,CUS-2366,48,West
2588,CUS-5840,65,East
2589,CUS-2363,67,South
2590,CUS-5328,39,West
2591,CUS-5988,42,South
2592,CUS-2028,26,North
2593,CUS-9280,39,North
2594,CUS-9608,38,South
2595,CUS-8286,61,North
2596,CUS-8315,46,West
2597,CUS-4740,71,South
2598,CUS-4144,50,West
2599,CUS-2822,60,North
2600,CUS-9330,60,South
2601,CUS-3126,24,South
2602,CUS-4977,25,North
2603,CUS-4217,32,West
2604,CUS-4118,44,West
2605,CUS-6408,42,South
2606,CUS-6453,32,South
2607,CUS-7683,67,East
2608,CUS-2641,75,South
2609,CUS-9535,75,South
2610,CUS-5658,50,North
2611,CUS-4839,20,North
2612,CUS-2215,37,West
2613,CUS-1487,23,East
2614,CUS-1764,46,South
2615,CUS-1560,37,South
2616,CUS-2923,28,North
2617,CUS-7731,30,South
2618,CUS-7157,63,South
2619,CUS-8183,38,North
2620,CUS-9431,62,South
2621,CUS-6330,34,East
2622,CUS-7375,41,North
2623,CUS-1839,56,East
2624,CUS-6357,19,East
2625,CUS-3628,53,North
2626,CUS-7971,49,West
2627,CUS-1306,74,West
2628,CUS-8885,75,West
2629,CUS-2969,57,East
2630,CUS-7919,67,West
2631,CUS-4709,42,South
2632,CUS-8200,,East
2633,CUS-7028,,North
2634,CUS-1740,40,North
2635,CUS-8841,26,West
2636,CUS-5823,30,North
2637,CUS-8229,56,West
2638,CUS-9810,50,East
2639,CUS-9183,69,West
2640,CUS-1049,47,North
2641,CUS-6625,-10,North
2642,CUS-6421,19,East
2643,CUS-4284,22,East
2644,CUS-1230,40,South
2645,CUS-5582,41,East
2646,CUS-1110,28,South
2647,CUS-6297,61,North
2648,CUS-7992,51,South
2649,CUS-2693,30,East
2650,CUS-8481,47,South
2651,CUS-1963,45,North
2652,CUS-2178,53,East
2653,CUS-4575,55,East
2654,CUS-5268,31,West
2655,CUS-9018,35,West
2656,CUS-5132,47,West
2657,CUS-3163,70,North
2658,CUS-3720,20,North
2659,CUS-3966,27,East
2660,CUS-8887,52,South
2661,CUS-7314,45,West
2662,CUS-1872,61,East
2663,CUS-2027,40,West
2664,CUS-4697,63,North
2665,CUS-5639,64,West
2666,CUS-1935,74,North
2667,CUS-9571,35,South
2668,CUS-7738,69,East
2669,CUS-1809,22,East
2670,CUS-2885,61,East
2671,CUS-6566,32,North
2672,CUS-1267,23,North
2673,CUS-6223,22,West
2674,CUS-1796,35,North
2675,CUS-2040,46,South
2676,CUS-9168,63,East
2677,CUS-3038,63,South
2678,CUS-8912,61,North
2679,CUS-1874,50,South
2680,CUS-2218,49,North
2681,CUS-3311,46,West
2682,CUS-5879,26,South
2683,CUS-9534,73,West
2684,CUS-1002,-7,North
2685,CUS-2346,38,South
2686,CUS-2314,57,East
2687,CUS-1458,40,North
2688,CUS-5241,52,West
2689,CUS-4634,48,South
2690,CUS-3099,53,North
2691,CUS-2717,41,West
2692,CUS-5482,54,West
2693,CUS-3184,58,East
2694,CUS-6922,63,East
2695,CUS-7328,54,North
2696,CUS-9457,57,East
2697,CUS-9677,22,South
2698,CUS-6278,63,North
2699,CUS-3582,44,North
2700,CUS-7021,38,North
2701,CUS-7435,59,East
2702,CUS-5451,30,West
2703,CUS-1629,58,East
2704,CUS-5009,52,North
2705,CUS-7126,30,North
2706,CUS-3590,24,West
2707,CUS-6425,57,West
2708,CUS-1737,53,West
2709,CUS-4617,47,West
2710,CUS-7945,48,South
2711,CUS-9322,32,North
2712,CUS-8029,33,North
2713,CUS-3522,59,North
2714,CUS-8752,21,South
2715,CUS-2716,37,South
2716,CUS-5304,49,East
2717,CUS-6529,66,North
2718,CUS-1264,26,West
2719,CUS-5525,65,North
2720,CUS-6399,40,West
2721,CUS-9816,52,South
2722,CUS-6815,72,North
2723,CUS-8412,39,East
2724,CUS-1833,72,North
2725,CUS-3279,64,West
2726,CUS-4162,23,East
2727,CUS-3354,-3,South
2728,CUS-7854,22,South
2729,CUS-5372,62,West
2730,CUS-9333,50,East
2731,CUS-5976,33,North
2732,CUS-1384,53,South
2733,CUS-7646,32,West
2734,CUS-1150,18,North
2735,CUS-6315,52,South
2736,CUS-7994,21,West
2737,CUS-6072,70,North
2738,CUS-9708,74,South
2739,CUS-5731,18,West
2740,CUS-4916,37,North
2741,CUS-5583,72,North
2742,CUS-3549,49,West
2743,CUS-6231,34,South
2744,CUS-3894,64,West
2745,CUS-6204,55,West
2746,CUS-2798,59,West
2747,CUS-1309,67,South
2748,CUS-4954,-2,East
2749,CUS-1052,-4,East
2750,CUS-2308,18,South
2751,CUS-1633,19,West
2752,CUS-6966,66,South
2753,CUS-2780,51,East
2754,CUS-5772,43,South
2755,CUS-7024,42,West
2756,CUS-7663,68,East
2757,CUS-4632,21,East
2758,CUS-3333,59,South
2759,CUS-5033,33,West
2760,CUS-7265,34,West
2761,CUS-5973,27,East
2762,CUS-9295,46,North
2763,CUS-8851,57,South
2764,CUS-8915,54,South
2765,CUS-5698,48,North
2766,CUS-6079,59,East
2767,CUS-7520,48,South
2768,CUS-9586,66,South
2769,CUS-8437,27,North
2770,CUS-7923,38,East
2771,CUS-3168,58,North
2772,CUS-4559,41,West
2773,CUS-3964,57,East
2774,CUS-5140,41,West
2775,CUS-1484,30,East
2776,CUS-6481,40,South
2777,CUS-5593,50,South
2778,CUS-9984,35,East
2779,CUS-3857,52,South
2780,CUS-4339,60,East
2781,CUS-1473,17,West
2782,CUS-3364,73,South
2783,CUS-1324,38,North
2784,CUS-6721,73,East
2785,CUS-9148,73,East
2786,CUS-4208,58,East
2787,CUS-3898,35,North
2788,CUS-2304,58,South
2789,CUS-9834,43,South
2790,CUS-8082,35,West
2791,CUS-2134,60,West
2792,CUS-4292,34,East
2793,CUS-4590,41,West
2794,CUS-6509,28,North
2795,CUS-7489,74,West
2796,CUS-3306,27,West
2797,CUS-1457,60,North
2798,CUS-5956,63,North
2799,CUS-1425,64,North
2800,CUS-4585,20,North
2801,CUS-3125,64,West
2802,CUS-2020,42,South
2803,CUS-6839,72,North
2804,CUS-2041,39,West
2805,CUS-3173,68,South
2806,CUS-4334,20,West
2807,CUS-3568,34,South
2808,CUS-8318,42,West
2809,CUS-5205,19,South
2810,CUS-9861,60,East
2811,CUS-6445,37,South
2812,CUS-6410,67,South
2813,CUS-1192,45,West
2814,CUS-5260,74,North
2815,CUS-9772,27,West
2816,CUS-1180,24,North
2817,CUS-3370,64,North
2818,CUS-5051,72,West
2819,CUS-4180,17,North
2820,CUS-8196,55,West
2821,CUS-7399,31,West
2822,CUS-7344,40,South
2823,CUS-1125,37,North
2824,CUS-6861,50,South
2825,CUS-5784,41,South
2826,CUS-5059,54,West
2827,CUS-4890,60,East
2828,CUS-5928,30,South
2829,CUS-6979,66,North
2830,CUS-4386,66,South
2831,CUS-5138,68,East
2832,CUS-1892,26,East
2833,CUS-4229,30,South
2834,CUS-1316,34,North
2835,CUS-8225,3,North
2836,CUS-3569,45,West
2837,CUS-6370,25,North
2838,CUS-8888,55,South
2839,CUS-8631,72,West
2840,CUS-5450,75,North
2841,CUS-6332,38,East
2842,CUS-4625,73,East
2843,CUS-5788,72,North
2844,CUS-2061,35,West
2845,CUS-3776,25,South
2846,CUS-9049,27,West
2847,CUS-7849,46,East
2848,CUS-7905,27,East
2849,CUS-7699,29,East
2850,CUS-6959,28,East
2851,CUS-6241,23,South
2852,CUS-8471,57,North
2853,CUS-7811,35,North
2854,CUS-6518,20,North
2855,CUS-2141,31,North
2856,CUS-3291,49,South
2857,CUS-6665,58,South
2858,CUS-8416,29,North
2859,CUS-9214,25,West
2860,CUS-5427,18,North
2861,CUS-6618,27,East
2862,CUS-2139,18,West
2863,CUS-5694,18,North
2864,CUS-4207,29,West
2865,CUS-8923,74,North
2866,CUS-5335,60,North
2867,CUS-7273,25,East
2868,CUS-6076,46,East
2869,CUS-1616,32,West
2870,CUS-2617,68,South
2871,CUS-6596,75,West
2872,CUS-2939,52,South
2873,CUS-9072,48,West
2874,CUS-1885,27,South
2875,CUS-1377,36,North
2876,CUS-4062,65,West
2877,CUS-8248,64,West
2878,CUS-2585,22,West
2879,CUS-2255,17,North
2880,CUS-4578,58,East
2881,CUS-5445,38,North
2882,CUS-3917,46,North
2883,CUS-3415,30,South
2884,CUS-2911,70,South
2885,CUS-4631,22,East
2886,CUS-2185,51,North
2887,CUS-2520,50,East
2888,CUS-8983,36,South
2889,CUS-1638,49,West
2890,CUS-9975,-8,West
2891,CUS-5275,62,North
2892,CUS-3476,40,North
2893,CUS-4565,66,North
2894,CUS-6456,68,South
2895,CUS-6279,66,East
2896,CUS-9158,75,North
2897,CUS-5170,29,East
2898,CUS-9127,54,East
2899,CUS-4759,26,South
2900,CUS-8858,37,North
2901,CUS-6715,39,South
2902,CUS-7547,27,North
2903,CUS-8844,66,East
2904,CUS-5187,70,East
2905,CUS-7403,21,South
2906,CUS-2409,30,North
2907,CUS-6779,46,North
2908,CUS-6022,28,East
2909,CUS-7063,50,West
2910,CUS-9793,37,South
2911,CUS-8005,69,West
2912,CUS-4614,30,East
2913,CUS-1348,,North
2914,CUS-5325,71,South
2915,CUS-8541,30,East
2916,CUS-1964,27,West
2917,CUS-7307,44,North
2918,CUS-5982,44,West
2919,CUS-5278,68,South
2920,CUS-2175,64,South
2921,CUS-6255,67,East
2922,CUS-3118,71,South
2923,CUS-3410,70,North
2924,CUS-2487,31,West
2925,CUS-5634,29,South
2926,CUS-4436,58,North
2927,CUS-8158,30,East
2928,CUS-1283,49,West
2929,CUS-1011,66,South
2930,CUS-1856,51,South
2931,CUS-9043,43,East
2932,CUS-3058,60,West
2933,CUS-6888,30,North
2934,CUS-4283,33,East
2935,CUS-8161,71,West
2936,CUS-7017,30,East
2937,CUS-7275,55,East
2938,CUS-4401,75,East
2939,CUS-8710,66,East
2940,CUS-3985,60,West
2941,CUS-4972,39,South
2942,CUS-2686,45,East
2943,CUS-2976,60,South
2944,CUS-6809,54,South
2945,CUS-9771,30,East
2946,CUS-7065,31,East
2947,CUS-3506,25,West
2948,CUS-6962,53,South
2949,CUS-6128,24,West
2950,CUS-9950,47,East
2951,CUS-5499,50,West
2952,CUS-8933,62,North
2953,CUS-2779,68,West
2954,CUS-3912,40,South
2955,CUS-1029,35,North
2956,CUS-1135,71,South
2957,CUS-3075,51,East
2958,CUS-6574,41,East
2959,CUS-5131,50,South
2960,CUS-7723,67,South
2961,CUS-3395,18,North
2962,CUS-3161,23,North
2963,CUS-5336,20,East
2964,CUS-6751,53,East
2965,CUS-9827,49,East
2966,CUS-8163,39,North
2967,CUS-2387,21,South
2968,CUS-9070,48,West
2969,CUS-9298,34,West
2970,CUS-7035,56,South
2971,CUS-8744,24,North
2972,CUS-9918,47,South
2973,CUS-3036,25,East
2974,CUS-7938,18,South
2975,CUS-7266,39,South
2976,CUS-5674,33,East
2977,CUS-9811,38,North
2978,CUS-9131,68,North
2979,CUS-3398,34,West
2980,CUS-6616,41,West
2981,CUS-9014,45,East
2982,CUS-8017,32,West
2983,CUS-6507,50,South
2984,CUS-9945,64,South
2985,CUS-3149,72,East
2986,CUS-2657,42,East
2987,CUS-8233,69,West
2988,CUS-5457,20,South
2989,CUS-8763,44,South
2990,CUS-6544,43,North
2991,CUS-2954,69,North
2992,CUS-7987,24,North
2993,CUS-3896,55,South
2994,CUS-8964,47,South
2995,CUS-3758,41,West
2996,CUS-1008,23,North
2997,CUS-4901,75,West
2998,CUS-9815,42,South
2999,CUS-6711,63,North
3000,CUS-8326,40,East
3001,CUS-4948,18,East
3002,CUS-6306,53,South
3003,CUS-4810,45,East
3004,CUS-3600,65,East
3005,CUS-6578,50,South
3006,CUS-5286,68,South
3007,CUS-4645,20,West
3008,CUS-9528,70,North
3009,CUS-9851,70,East
3010,CUS-8108,59,West
3011,CUS-3684,66,South
3012,CUS-4095,59,South
3013,CUS-6183,37,East
3014,CUS-7175,67,East
3015,CUS-1154,54,East
3016,CUS-5846,73,South
3017,CUS-4088,50,West
3018,CUS-3827,49,East
3019,CUS-7614,71,North
3020,CUS-4803,59,North
3021,CUS-5613,54,East
3022,CUS-5765,45,West
3023,CUS-6156,24,West
3024,CUS-6037,50,North
3025,CUS-8077,44,South
3026,CUS-4682,27,South
3027,CUS-5322,40,South
3028,CUS-7320,74,South
3029,CUS-2578,24,West
3030,CUS-2965,25,South
3031,CUS-9374,73,East
3032,CUS-4621,31,East
3033,CUS-2866,17,West
3034,CUS-9270,,North
3035,CUS-7428,51,West
3036,CUS-5400,61,West
3037,CUS-2232,41,South
3038,CUS-5588,34,East
3039,CUS-7799,68,East
3040,CUS-8693,25,South
3041,CUS-7549,56,East
3042,CUS-6207,17,North
3043,CUS-6015,52,West
3044,CUS-4779,32,East
3045,CUS-4723,18,West
3046,CUS-2321,35,West
3047,CUS-5917,41,East
3048,CUS-1346,56,South
3049,CUS-4435,29,South
3050,CUS-6337,65,South
3051,CUS-8397,20,North
3052,CUS-5043,23,East
3053,CUS-1325,59,West
3054,CUS-6746,33,East
3055,CUS-4777,30,East
3056,CUS-6378,60,East
3057,CUS-5213,27,East
3058,CUS-1091,-9,East
3059,CUS-7769,48,East
3060,CUS-8577,,South
3061,CUS-3367,45,East
3062,CUS-1382,59,North
3063,CUS-1903,51,East
3064,CUS-9694,23,West
3065,CUS-3010,20,South
3066,CUS-3060,36,South
3067,CUS-7574,34,North
3068,CUS-3963,26,South
3069,CUS-9332,56,East
3070,CUS-2221,31,West
3071,CUS-8353,68,South
3072,CUS-4910,29,West
3073,CUS-8925,46,South
3074,CUS-6600,-8,East
3075,CUS-2433,23,South
3076,CUS-7611,20,North
3077,CUS-5143,48,West
3078,CUS-7426,55,North
3079,CUS-3104,26,North
3080,CUS-3922,63,East
3081,CUS-9241,36,North
3082,CUS-2173,35,West
3083,CUS-7790,18,West
3084,CUS-7196,34,South
3085,CUS-9031,44,South
3086,CUS-1940,24,West
3087,CUS-6579,75,East
3088,CUS-1157,71,East
3089,CUS-6781,43,West
3090,CUS-3032,-2,West
3091,CUS-1946,24,East
3092,CUS-1520,42,North
3093,CUS-8954,55,North
3094,CUS-3258,29,West
3095,CUS-9415,40,East
3096,CUS-9240,43,East
3097,CUS-9624,75,West
3098,CUS-5852,20,East
3099,CUS-2204,62,West
3100,CUS-5171,59,North
3101,CUS-9182,72,West
3102,CUS-3913,42,North
3103,CUS-2327,41,West
3104,CUS-4562,65,North
3105,CUS-4922,51,East
3106,CUS-6400,65,North
3107,CUS-2685,65,South
3108,CUS-2547,,West
3109,CUS-9347,17,West
3110,CUS-4406,33,North
3111,CUS-8176,55,North
3112,CUS-1689,23,South
3113,CUS-2852,23,South
3114,CUS-8449,60,North
3115,CUS-5830,64,South
3116,CUS-5396,72,East
3117,CUS-4794,70,West
3118,CUS-9023,57,North
3119,CUS-6008,54,East
3120,CUS-5733,34,West
3121,CUS-3669,41,West
3122,CUS-5906,17,North
3123,CUS-8438,47,North
3124,CUS-7796,25,West
3125,CUS-2719,63,North
3126,CUS-1511,19,West
3127,CUS-6577,60,East
3128,CUS-5085,68,North
3129,CUS-8644,18,East
3130,CUS-1992,40,East
3131,CUS-2468,18,East
3132,CUS-7082,50,North
3133,CUS-3889,47,North
3134,CUS-7405,70,South
3135,CUS-7398,67,East
3136,CUS-5115,31,North
3137,CUS-8564,58,North
3138,CUS-1542,26,North
3139,CUS-7256,49,South
3140,CUS-5513,28,North
3141,CUS-3631,47,North
3142,CUS-7787,39,South
3143,CUS-7203,27,South
3144,CUS-8333,31,West
3145,CUS-7931,32,South
3146,CUS-6118,18,West
3147,CUS-1830,58,East
3148,CUS-6292,61,South
3149,CUS-9299,22,North
3150,CUS-5267,69,South
3151,CUS-9663,63,East
3152,CUS-4324,29,South
3153,CUS-9414,20,East
3154,CUS-8072,73,North
3155,CUS-7140,33,South
3156,CUS-6534,74,West
3157,CUS-2543,38,East
3158,CUS-5957,,West
3159,CUS-6038,46,East
3160,CUS-2095,63,North
3161,CUS-6603,50,East
3162,CUS-1550,53,East
3163,CUS-5216,17,South
3164,CUS-7048,52,East
3165,CUS-7037,44,East
3166,CUS-6650,40,East
3167,CUS-7189,52,West
3168,CUS-3629,21,East
3169,CUS-2281,62,East
3170,CUS-2882,59,West
3171,CUS-2364,26,North
3172,CUS-5643,59,East
3173,CUS-1128,33,East
3174,CUS-6125,68,North
3175,CUS-4010,17,North
3176,CUS-6670,3,West
3177,CUS-9966,28,East
3178,CUS-5663,67,West
3179,CUS-1268,25,East
3180,CUS-6712,17,East
3181,CUS-3340,38,West
3182,CUS-2491,64,South
3183,CUS-7657,70,South
3184,CUS-8594,21,South
3185,CUS-1816,72,East
3186,CUS-1637,51,East
3187,CUS-9317,57,South
3188,CUS-2144,56,West
3189,CUS-4502,67,North
3190,CUS-8207,28,North
3191,CUS-3446,74,North
3192,CUS-4805,21,North
3193,CUS-6818,48,South
3194,CUS-6285,34,South
3195,CUS-1274,64,West
3196,CUS-2857,49,West
3197,CUS-8796,50,North
3198,CUS-1303,37,West
3199,CUS-5360,54,South
3200,CUS-3177,26,South
3201,CUS-4012,37,East
3202,CUS-5884,30,South
3203,CUS-4646,18,East
3204,CUS-6416,35,North
3205,CUS-2677,30,North
3206,CUS-6061,43,West
3207,CUS-5277,54,South
3208,CUS-1340,29,East
3209,CUS-5919,-2,South
3210,CUS-3203,33,North
3211,CUS-7285,57,East
3212,CUS-8119,25,West
3213,CUS-1727,62,East
3214,CUS-5938,24,South
3215,CUS-5065,41,North
3216,CUS-7828,53,North
3217,CUS-6897,71,West
3218,CUS-9569,64,North
3219,CUS-7718,18,East
3220,CUS-7478,68,South
3221,CUS-1532,33,West
3222,CUS-6019,34,West
3223,CUS-3504,65,East
3224,CUS-5257,57,West
3225,CUS-2260,23,North
3226,CUS-9998,25,East
3227,CUS-5067,46,South
3228,CUS-5110,67,West
3229,CUS-9648,51,East
3230,CUS-8822,66,West
3231,CUS-2426,45,East
3232,CUS-1822,19,North
3233,CUS-1392,40,North
3234,CUS-9275,21,South
3235,CUS-1044,68,East
3236,CUS-1255,33,West
3237,CUS-9180,64,East
3238,CUS-6078,71,West
3239,CUS-4014,18,North
3240,CUS-7327,57,West
3241,CUS-7827,28,West
3242,CUS-9716,47,South
3243,CUS-7643,63,North
3244,CUS-6530,70,West
3245,CUS-8855,44,South
3246,CUS-8073,64,North
3247,CUS-9346,33,East
3248,CUS-7826,49,South
3249,CUS-6771,29,East
3250,CUS-8883,74,South
3251,CUS-5667,51,North
3252,CUS-7338,20,North
3253,CUS-5724,62,South
3254,CUS-1930,58,South
3255,CUS-3190,48,East
3256,CUS-3156,28,East
3257,CUS-7213,33,West
3258,CUS-8603,69,East
3259,CUS-2564,26,North
3260,CUS-5341,52,West
3261,CUS-4476,64,North
3262,CUS-5751,67,South
3263,CUS-9164,18,West
3264,CUS-9762,42,North
3265,CUS-4206,56,South
3266,CUS-5918,49,East
3267,CUS-6592,19,East
3268,CUS-7778,75,West
3269,CUS-9334,30,South
3270,CUS-2667,62,East
3271,CUS-9243,51,South
3272,CUS-5232,72,West
3273,CUS-7055,55,South
3274,CUS-2797,58,South
3275,CUS-8272,49,North
3276,CUS-4707,44,East
3277,CUS-8169,21,West
3278,CUS-8087,72,South
3279,CUS-9665,27,North
3280,CUS-5097,,West
3281,CUS-3739,20,South
3282,CUS-7898,23,West
3283,CUS-3672,,East
3284,CUS-6727,47,North
3285,CUS-9604,59,North
3286,CUS-7579,57,East
3287,CUS-7430,71,West
3288,CUS-8402,38,East
3289,CUS-8611,34,West
3290,CUS-2763,32,West
3291,CUS-9425,35,South
3292,CUS-5026,54,West
3293,CUS-7662,75,North
3294,CUS-4678,21,West
3295,CUS-4412,55,North
3296,CUS-5054,33,West
3297,CUS-3087,49,North
3298,CUS-3592,,South
3299,CUS-4457,34,West
3300,CUS-7706,44,South
3301,CUS-7860,42,North
3302,CUS-2003,17,East
3303,CUS-8145,59,South
3304,CUS-9718,74,North
3305,CUS-6009,20,East
3306,CUS-2778,74,East
3307,CUS-1895,75,North
3308,CUS-3138,,South
3309,CUS-3266,33,South
3310,CUS-7121,69,East
3311,CUS-5425,17,East
3312,CUS-6288,63,East
3313,CUS-9704,28,East
3314,CUS-7464,20,South
3315,CUS-8010,52,West
3316,CUS-7014,67,East
3317,CUS-1617,62,South
3318,CUS-5233,19,North
3319,CUS-6377,45,North
3320,CUS-1252,29,West
3321,CUS-8580,58,South
3322,CUS-1390,22,South
3323,CUS-4190,36,East
3324,CUS-3458,20,West
3325,CUS-7983,,North
3326,CUS-8378,20,West
3327,CUS-1804,19,East
3328,CUS-4444,69,East
3329,CUS-2493,45,North
3330,CUS-1467,37,East
3331,CUS-3105,37,West
3332,CUS-9829,28,East
3333,CUS-9856,36,North
3334,CUS-1151,24,East
3335,CUS-4484,27,North
3336,CUS-9496,58,East
3337,CUS-8617,63,West
3338,CUS-4945,55,West
3339,CUS-2201,20,South
3340,CUS-6091,22,West
3341,CUS-5729,20,West
3342,CUS-9478,17,South
3343,CUS-8014,25,North
3344,CUS-7390,56,West
3345,CUS-7412,73,South
3346,CUS-9083,43,South
3347,CUS-1515,74,West
3348,CUS-5759,67,East
3349,CUS-6271,53,South
3350,CUS-3014,57,East
3351,CUS-6116,59,East
3352,CUS-3208,33,West
3353,CUS-2569,30,North
3354,CUS-4422,31,North
3355,CUS-6352,31,East
3356,CUS-7786,62,West
3357,CUS-5688,23,South
3358,CUS-4491,31,South
3359,CUS-2501,63,West
3360,CUS-5266,21,East
3361,CUS-5780,47,North
3362,CUS-3977,66,West
3363,CUS-6308,62,South
3364,CUS-3224,22,South
3365,CUS-4528,40,East
3366,CUS-8180,18,West
3367,CUS-7221,30,South
3368,CUS-1712,23,North
3369,CUS-9117,36,South
3370,CUS-4083,33,West
3371,CUS-5615,65,West
3372,CUS-1650,25,East
3373,CUS-6752,47,East
3374,CUS-1076,52,South
3375,CUS-2868,65,West
3376,CUS-7243,71,West
3377,CUS-7423,67,East
3378,CUS-2083,53,West
3379,CUS-2384,59,West
3380,CUS-6296,20,East
3381,CUS-5713,39,West
3382,CUS-7698,50,East
3383,CUS-6011,33,East
3384,CUS-3738,18,North
3385,CUS-3026,58,South
3386,CUS-1068,49,East
3387,CUS-3426,17,South
3388,CUS-2610,20,West
3389,CUS-4274,52,North
3390,CUS-2718,37,North
3391,CUS-7717,22,South
3392,CUS-1811,60,East
3393,CUS-9658,52,East
3394,CUS-2652,-7,South
3395,CUS-3876,39,South
3396,CUS-3887,48,South
3397,CUS-1813,2,North
3398,CUS-9513,65,West
3399,CUS-6514,73,North
3400,CUS-7757,48,North
3401,CUS-6716,46,West
3402,CUS-6268,20,West
3403,CUS-9422,70,West
3404,CUS-9396,23,West
3405,CUS-7186,44,West
3406,CUS-8494,36,South
3407,CUS-7093,47,North
3408,CUS-6666,49,West
3409,CUS-1552,56,North
3410,CUS-7493,51,North
3411,CUS-3636,55,North
3412,CUS-4535,55,West
3413,CUS-7758,37,East
3414,CUS-5463,17,North
3415,CUS-6269,55,South
3416,CUS-8832,49,East
3417,CUS-7869,21,South
3418,CUS-5939,55,West
3419,CUS-1321,60,East
3420,CUS-5576,-2,West
3421,CUS-6822,18,West
3422,CUS-9533,52,East
3423,CUS-5841,53,East
3424,CUS-4706,48,North
3425,CUS-3853,49,South
3426,CUS-4327,70,North
3427,CUS-1578,32,East
3428,CUS-9620,49,North
3429,CUS-7677,,North
3430,CUS-7352,61,West
3431,CUS-5551,72,East
3432,CUS-1341,65,South
3433,CUS-2431,41,South
3434,CUS-2339,53,East
3435,CUS-1440,35,West
3436,CUS-3833,68,North
3437,CUS-4311,63,North
3438,CUS-1168,38,East
3439,CUS-9629,59,South
3440,CUS-4052,69,North
3441,CUS-9103,65,North
3442,CUS-7982,71,South
3443,CUS-8091,45,North
3444,CUS-3656,54,North
3445,CUS-2757,61,South
3446,CUS-5965,74,West
3447,CUS-2114,43,South
3448,CUS-7762,27,East
3449,CUS-9986,19,East
3450,CUS-8194,49,West
3451,CUS-6806,28,West
3452,CUS-5390,56,South
3453,CUS-1974,74,North
3454,CUS-8949,18,North
3455,CUS-4838,68,West
3456,CUS-6978,71,South
3457,CUS-4429,67,South
3458,CUS-9527,67,South
3459,CUS-6601,49,East
3460,CUS-2531,34,South
3461,CUS-7534,35,South
3462,CUS-6496,-5,East
3463,CUS-3949,33,South
3464,CUS-6251,66,West
3465,CUS-1980,73,East
3466,CUS-9494,32,West
3467,CUS-6221,75,East
3468,CUS-7927,37,West
3469,CUS-9204,25,South
3470,CUS-3510,72,South
3471,CUS-8645,63,East
3472,CUS-4492,73,North
3473,CUS-9337,-4,East
3474,CUS-8464,26,East
3475,CUS-5000,32,East
3476,CUS-2837,36,West
3477,CUS-2241,43,West
3478,CUS-6300,31,North
3479,CUS-3391,68,North
3480,CUS-3698,64,North
3481,CUS-3390,21,North
3482,CUS-3879,70,West
3483,CUS-3766,48,South
3484,CUS-6805,52,West
3485,CUS-7173,38,South
3486,CUS-7495,36,West
3487,CUS-7887,72,South
3488,CUS-8243,25,East
3489,CUS-1220,43,North
3490,CUS-1880,69,West
3491,CUS-3005,54,North
3492,CUS-3169,51,West
3493,CUS-8655,70,East
3494,CUS-2725,44,East
3495,CUS-3123,30,East
3496,CUS-2473,64,East
3497,CUS-2351,70,East
3498,CUS-2345,23,East
3499,CUS-2870,45,West
3500,CUS-4680,18,North
3501,CUS-4829,63,North
3502,CUS-3120,38,North
3503,CUS-4110,31,South
3504,CUS-5959,55,North
3505,CUS-4909,35,East
3506,CUS-1499,57,East
3507,CUS-1882,38,East
3508,CUS-9190,47,West
3509,CUS-1423,34,East
3510,CUS-8253,31,East
3511,CUS-2447,65,East
3512,CUS-2894,63,North
3513,CUS-5024,63,North
3514,CUS-9488,32,East
3515,CUS-2990,60,South
3516,CUS-6570,60,North
3517,CUS-5912,37,East
3518,CUS-4237,24,North
3519,CUS-9101,33,West
3520,CUS-5646,75,South
3521,CUS-3972,25,South
3522,CUS-1039,-10,South
3523,CUS-3605,46,West
3524,CUS-4781,30,South
3525,CUS-5617,21,North
3526,CUS-8629,,South
3527,CUS-2355,47,North
3528,CUS-7258,26,West
3529,CUS-8447,,North
3530,CUS-8766,50,East
3531,CUS-9882,39,West
3532,CUS-4425,73,West
3533,CUS-3297,23,East
3534,CUS-4360,34,North
3535,CUS-1941,22,West
3536,CUS-9896,58,North
3537,CUS-4965,1,North
3538,CUS-1610,38,North
3539,CUS-7779,-7,East
3540,CUS-9450,49,East
3541,CUS-4728,71,North
3542,CUS-7240,61,East
3543,CUS-5047,50,East
3544,CUS-6894,32,South
3545,CUS-4300,51,East
3546,CUS-4844,59,West
3547,CUS-9818,44,East
3548,CUS-9082,41,South
3549,CUS-5475,-6,West
3550,CUS-8201,66,North
3551,CUS-8214,22,North
3552,CUS-6568,22,North
3553,CUS-9991,72,South
3554,CUS-8798,20,South
3555,CUS-7481,28,West
3556,CUS-5873,74,North
3557,CUS-3910,35,South
3558,CUS-7459,26,South
3559,CUS-5648,2,East
3560,CUS-2552,73,East
3561,CUS-8465,64,East
3562,CUS-6503,50,South
3563,CUS-7334,66,South
3564,CUS-6547,34,East
3565,CUS-6521,47,West
3566,CUS-8479,23,North
3567,CUS-3554,26,South
3568,CUS-1335,18,North
3569,CUS-2998,48,West
3570,CUS-4073,21,South
3571,CUS-1214,17,East
3572,CUS-2873,48,North
3573,CUS-7894,26,East
3574,CUS-1583,25,East
3575,CUS-9669,75,East
3576,CUS-1177,63,South
3577,CUS-2489,72,South
3578,CUS-3004,47,East
3579,CUS-5757,31,West
3580,CUS-3357,53,North
3581,CUS-5529,18,East
3582,CUS-4015,62,West
3583,CUS-5603,32,South
3584,CUS-4802,23,West
3585,CUS-6307,59,East
3586,CUS-4991,60,West
3587,CUS-7185,73,North
3588,CUS-3054,50,East
3589,CUS-9278,58,North
3590,CUS-7893,27,West
3591,CUS-8100,36,West
3592,CUS-3418,26,West
3593,CUS-3487,36,South
3594,CUS-6846,52,South
3595,CUS-3544,70,North
3596,CUS-7325,26,East
3597,CUS-8518,67,East
3598,CUS-8978,23,West
3599,CUS-9078,68,West
3600,CUS-4789,19,East
3601,CUS-8892,58,North
3602,CUS-2407,23,South
3603,CUS-5191,48,East
3604,CUS-8660,56,South
3605,CUS-1375,35,South
3606,CUS-6188,68,South
3607,CUS-1853,61,East
3608,CUS-7957,17,North
3609,CUS-8317,36,South
3610,CUS-4514,18,North
3611,CUS-6153,27,North
3612,CUS-5150,54,East
3613,CUS-7372,60,North
3614,CUS-2030,52,North
3615,CUS-1191,59,North
3616,CUS-2100,49,West
3617,CUS-1238,61,North
3618,CUS-3803,52,West
3619,CUS-3059,28,North
3620,CUS-6855,69,South
3621,CUS-3090,75,West
3622,CUS-5032,46,West
3623,CUS-8680,57,East
3624,CUS-2461,65,East
3625,CUS-8764,66,North
3626,CUS-2649,25,South
3627,CUS-5433,40,South
3628,CUS-4996,63,South
3629,CUS-1152,32,East
3630,CUS-6951,65,South
3631,CUS-3196,36,South
3632,CUS-9898,40,North
3633,CUS-2669,62,West
3634,CUS-7214,49,South
3635,CUS-7879,35,West
3636,CUS-3846,49,East
3637,CUS-9264,39,West
3638,CUS-9284,24,South
3639,CUS-1793,47,North
3640,CUS-9645,24,East
3641,CUS-3625,75,North
3642,CUS-2517,28,North
3643,CUS-9327,52,North
3644,CUS-8678,17,North
3645,CUS-6230,19,East
3646,CUS-7242,39,North
3647,CUS-1971,47,West
3648,CUS-8726,44,North
3649,CUS-4718,28,North
3650,CUS-9993,59,North
3651,CUS-2124,39,South
3652,CUS-9234,37,North
3653,CUS-8325,46,West
3654,CUS-4688,69,North
3655,CUS-4807,17,South
3656,CUS-7472,61,North
3657,CUS-6364,56,West
3658,CUS-9296,26,East
3659,CUS-5224,36,South
3660,CUS-2306,19,South
3661,CUS-3611,37,East
3662,CUS-2268,56,North
3663,CUS-9725,25,East
3664,CUS-8991,47,South
3665,CUS-6139,64,North
3666,CUS-3062,18,South
3667,CUS-6468,-7,West
3668,CUS-4494,51,West
3669,CUS-6476,23,South
3670,CUS-9967,55,North
3671,CUS-2093,21,North
3672,CUS-2633,27,West
3673,CUS-3283,25,North
3674,CUS-5319,27,West
3675,CUS-5424,67,West
3676,CUS-4117,64,North
3677,CUS-8415,37,North
3678,CUS-6584,17,West
3679,CUS-5225,36,South
3680,CUS-7245,-10,South
3681,CUS-2097,29,North
3682,CUS-2640,20,West
3683,CUS-5749,75,West
3684,CUS-2991,38,East
3685,CUS-4681,22,South
3686,CUS-2047,72,North
3687,CUS-6030,66,West
3688,CUS-3216,33,North
3689,CUS-4354,59,South
3690,CUS-4000,75,East
3691,CUS-4935,48,West
3692,CUS-2688,54,South
3693,CUS-3079,66,West
3694,CUS-2318,61,East
3695,CUS-3294,62,West
3696,CUS-2331,38,South
3697,CUS-9942,24,West
3698,CUS-9784,48,South
3699,CUS-5303,23,West
3700,CUS-2915,46,West
3701,CUS-5885,65,South
3702,CUS-9992,63,South
3703,CUS-7921,39,East
3704,CUS-2043,71,West
3705,CUS-9911,53,East
3706,CUS-6729,24,West
3707,CUS-3502,17,South
3708,CUS-9894,57,East
3709,CUS-8992,65,North
3710,CUS-3587,53,East
3711,CUS-8800,33,East
3712,CUS-8538,47,South
3713,CUS-6049,56,North
3714,CUS-7789,39,North
3715,CUS-7401,70,West
3716,CUS-9449,33,North
3717,CUS-7702,53,South
3718,CUS-3940,61,East
3719,CUS-4774,75,North
3720,CUS-2814,31,West
3721,CUS-2507,35,North
3722,CUS-7417,-6,East
3723,CUS-9434,65,West
3724,CUS-1989,0,West
3725,CUS-9929,33,West
3726,CUS-4858,51,East
3727,CUS-2844,61,West
3728,CUS-5161,17,East
3729,CUS-6977,55,North
3730,CUS-6245,26,East
3731,CUS-1886,48,West
3732,CUS-4278,63,North
3733,CUS-4925,53,East
3734,CUS-9547,64,North
3735,CUS-3018,71,West
3736,CUS-9386,74,North
3737,CUS-7673,48,West
3738,CUS-9990,35,South
3739,CUS-5270,53,South
3740,CUS-6358,52,North
3741,CUS-6677,41,North
3742,CUS-7733,43,West
3743,CUS-9467,18,South
3744,CUS-4619,35,North
3745,CUS-4612,-5,West
3746,CUS-5310,38,South
3747,CUS-9416,34,South
3748,CUS-3890,70,North
3749,CUS-4715,69,North
3750,CUS-3819,73,South
3751,CUS-3667,65,East
3752,CUS-7953,30,South
3753,CUS-2962,,West
3754,CUS-6439,47,South
3755,CUS-2469,22,West
3756,CUS-4070,21,East
3757,CUS-1877,58,North
3758,CUS-1566,44,East
3759,CUS-7988,40,West
3760,CUS-8741,67,South
3761,CUS-9948,40,North
3762,CUS-1116,61,East
3763,CUS-6071,27,West
3764,CUS-3179,68,South
3765,CUS-2455,32,West
3766,CUS-3885,65,North
3767,CUS-9987,,West
3768,CUS-6992,35,South
3769,CUS-8090,29,North
3770,CUS-2802,21,North
3771,CUS-5618,53,North
3772,CUS-2910,19,North
3773,CUS-7958,43,North
3774,CUS-2563,55,West
3775,CUS-2194,29,South
3776,CUS-7331,23,East
3777,CUS-6074,57,South
3778,CUS-3578,52,West
3779,CUS-4816,32,West
3780,CUS-7343,20,South
3781,CUS-4050,42,South
3782,CUS-6905,26,North
3783,CUS-7033,41,West
3784,CUS-2527,51,North
3785,CUS-5819,65,East
3786,CUS-2596,30,North
3787,CUS-1402,56,North
3788,CUS-3231,45,North
3789,CUS-5269,74,East
3790,CUS-9208,61,East
3791,CUS-8735,56,North
3792,CUS-8483,38,North
3793,CUS-5506,52,South
3794,CUS-1414,67,East
3795,CUS-9805,61,East
3796,CUS-3206,25,West
3797,CUS-5996,55,South
3798,CUS-1438,72,South
3799,CUS-3034,71,South
3800,CUS-7278,62,East
3801,CUS-6938,38,East
3802,CUS-8504,21,South
3803,CUS-8899,70,North
3804,CUS-8565,28,West
3805,CUS-6418,32,North
3806,CUS-5394,0,North
3807,CUS-5831,65,North
3808,CUS-9169,45,East
3809,CUS-7310,20,West
3810,CUS-8909,56,South
3811,CUS-5677,66,North
3812,CUS-5886,72,South
3813,CUS-9974,33,East
3814,CUS-5382,70,West
3815,CUS-6256,53,South
3816,CUS-3154,41,West
3817,CUS-5624,37,East
3818,CUS-2826,39,South
3819,CUS-1594,39,North
3820,CUS-1301,43,North
3821,CUS-7083,37,West
3822,CUS-8650,36,East
3823,CUS-1918,32,South
3824,CUS-7044,60,South
3825,CUS-9559,32,East
3826,CUS-8825,57,West
3827,CUS-4481,23,West
3828,CUS-4019,68,South
3829,CUS-4057,38,West
3830,CUS-6372,33,West
3831,CUS-2245,3,West
3832,CUS-9069,56,West
3833,CUS-6673,57,South
3834,CUS-5358,25,North
3835,CUS-9348,74,East
3836,CUS-5501,41,South
3837,CUS-1788,34,East
3838,CUS-4904,74,North
3839,CUS-4817,73,East
3840,CUS-4836,22,South
3841,CUS-4656,56,West
3842,CUS-2737,36,East
3843,CUS-2446,21,North
3844,CUS-2930,67,North
3845,CUS-5049,63,West
3846,CUS-8319,52,South
3847,CUS-2140,64,West
3848,CUS-4942,56,North
3849,CUS-1197,26,South
3850,CUS-4771,73,North
3851,CUS-5542,27,East
3852,CUS-7125,51,North
3853,CUS-4340,23,East
3854,CUS-8421,55,East
3855,CUS-4741,62,East
3856,CUS-4979,58,East
3857,CUS-6437,48,East
3858,CUS-8273,72,West
3859,CUS-9446,26,North
3860,CUS-5370,47,West
3861,CUS-2251,26,North
3862,CUS-2465,49,North
3863,CUS-3710,1,North
3864,CUS-2198,70,North
3865,CUS-4068,55,North
3866,CUS-5486,22,North
3867,CUS-1210,27,North
3868,CUS-1545,32,West
3869,CUS-7736,58,South
3870,CUS-5495,30,North
3871,CUS-9877,49,North
3872,CUS-6923,25,North
3873,CUS-9697,53,South
3874,CUS-5279,63,West
3875,CUS-3245,73,East
3876,CUS-8837,29,East
3877,CUS-4054,45,North
3878,CUS-6674,18,North
3879,CUS-8637,38,West
