,policy_id,event_timestamp,event_type
0,POL-819109,2024-03-25 08:34:41.424223,cancellation
1,POL-876252,2024-05-08 05:21:36.316449,claim
2,POL-110046,2024-05-15 16:51:03.350286,purchase
3,POL-482582,2024-05-17 14:44:34.390289,purchase
4,POL-675743,2024-05-20 14:14:29.194855,claim
5,POL-819109,2024-05-30 18:29:03.417289,claim
6,POL-855609,2024-06-10 22:15:03.355365,renewal
7,POL-482375,2024-06-15 04:58:01.242656,purchase
8,POL-969129,2024-06-17 16:25:53.190325,purchase
9,POL-951576,2024-06-24 02:07:44.429447,renewal
10,253347,2024-06-29 03:13:41.209631,purchase
11,POL-894281,2024-07-03 06:21:08.433110,claim
12,POL-447892,2024-07-07 05:23:12.247154,purchase
13,POL-779553,2024-07-07 19:01:41.299011,claim
14,POL-736241,2024-07-25 03:51:18.214469,renewal
15,POL-171211,2024-07-31 11:02:50.309851,renewal
16,POL-910356,2024-08-03 02:57:29.265128,claim
17,POL-447892,2024-08-04 09:46:48.335634,cancellation
18,POL-040351,2024-08-07 18:58:11.183008,renewal
19,POL-876252,2024-08-30 10:42:05.221454,cancellation
20,POL-335051,2024-09-05 15:42:04.420707,cancellation
21,POL-860763,2024-09-13 21:06:38.383158,claim
22,POL-860763,2024-09-21 08:34:15.395977,cancellation
23,POL-886368,2024-10-12 17:48:13.268656,claim
24,POL-396220,2024-10-17 22:33:11.301078,cancellation
25,253347,2024-10-29 05:58:45.367526,claim
26,POL-884380,2024-10-30 14:54:56.337629,purchase
27,POL-377605,2024-11-27 17:22:39.218124,claim
28,POL-377605,2024-11-28 05:06:16.201484,purchase
29,POL-453463,2024-12-10 10:02:04.302671,cancellation
30,POL-886933,2024-12-17 21:16:34.186721,cancellation
31,POL-171211,2024-12-18 09:18:08.227937,purchase
32,POL-453463,2025-01-07 11:14:16.206396,renewal
33,POL-679274,2025-01-17 18:44:35.330917,purchase
34,POL-228732,2025-01-24 00:44:26.223414,renewal
35,POL-597991,2025-02-08 16:15:14.434915,purchase
36,POL-675743,2025-02-08 23:26:39.176601,renewal
37,POL-503425,2025-02-10 00:45:46.266942,renewal
38,POL-976929,2025-02-10 08:13:23.245188,claim
39,POL-453463,2025-02-18 19:34:17.365663,purchase
40,POL-668715,2025-02-18 22:51:24.188459,cancellation
41,POL-633634,2025-03-01 04:45:17.436818,renewal
42,POL-482375,2025-03-05 19:32:39.203117,claim
43,POL-675743,2025-03-11 13:14:18.333331,cancellation
44,253347,2025-03-12 21:14:30.304492,renewal
45,POL-886933,2025-03-15 01:36:33.374345,renewal
46,POL-894281,2025-03-17 02:47:08.412054,cancellation
47,POL-819109,2025-03-23 06:48:59.369226,purchase
48,POL-971291,2025-03-25 12:23:00.381328,claim
49,POL-370424,2025-03-29 12:27:45.306288,renewal
50,POL-502641,2025-04-02 03:42:25.261555,cancellation
51,POL-597991,2025-04-04 17:43:08.425885,renewal
52,POL-368442,2025-04-13 07:02:31.198287,purchase
53,POL-855609,2025-04-27 00:16:32.178509,purchase
54,POL-971291,2025-04-27 02:56:03.219685,cancellation
55,POL-884380,2025-04-30 21:56:43.225658,claim
56,POL-392413,2025-05-01 16:47:07.339526,claim
57,POL-597991,2025-05-07 03:37:42.291408,cancellation
58,POL-121861,2025-05-22 17:46:27.341300,renewal
59,POL-714950,2025-05-29 13:47:45.410286,claim
60,POL-482582,2025-06-21 20:03:00.363948,renewal
61,POL-971291,2025-06-23 21:28:19.230031,renewal
62,POL-633634,2025-06-28 06:25:07.351980,purchase
63,POL-668715,2025-06-29 20:24:10.427645,renewal
64,POL-940406,2025-07-02 05:08:04.431177,renewal
65,POL-714950,2025-07-06 14:44:26.199887,renewal
66,POL-335051,2025-07-12 17:13:20.180910,renewal
67,POL-886933,2025-07-13 10:52:53.408423,purchase
68,POL-110046,2025-07-13 12:47:22.239983,cancellation
69,POL-951576,2025-07-18 18:12:16.208041,claim
70,POL-891377,2025-07-29 00:16:51.204745,purchase
